SpCode,scientific_name,common_name,predicts,form,a,b,c,d,x_max,source
ACPL,Acer platanoides,Norway maple,age_from_dbh,cub,2.75443,0.28615,0.01875,-0.00013,114.66,"Urban Tree Database Table S6, Northeast (Queens, 2005)"
ACPL,Acer platanoides,Norway maple,crown_diameter_from_dbh,quad,1.05784,0.25365,-0.00083,,,"Urban Tree Database Table S6, Northeast (Queens, 2005)"
ACPL,Acer platanoides,Norway maple,dbh_from_age,lin,5.61705,0.91636,,,,"Urban Tree Database Table S6, Northeast (Queens, 2005)"
ACPL,Acer platanoides,Norway maple,dry_weight_from_dbh_height,power,0.001011,1.533,0.657,520.0,,"Urban Tree Database Table 9, Acer platanoides; density 520 kg/m3 (Table 11)"
ACPL,Acer platanoides,Norway maple,height_from_dbh,lin,3.16827,0.19507,,,,"Urban Tree Database Table S6, Northeast (Queens, 2005)"
ACRU,Acer rubrum,red maple,age_from_dbh,cub,0.93244,0.02113,0.05658,-0.00055,105.2,"Urban Tree Database Table S6, Northeast (Queens, 2005)"
ACRU,Acer rubrum,red maple,crown_diameter_from_dbh,quad,0.20703,0.32103,-0.00152,,,"Urban Tree Database Table S6, Northeast (Queens, 2005)"
ACRU,Acer rubrum,red maple,dbh_from_age,cub,2.64166,1.27076,-0.01758,0.00012,,"Urban Tree Database Table S6, Northeast (Queens, 2005)"
ACRU,Acer rubrum,red maple,dry_weight_from_dbh_height,power,0.197,2.1933,0.0,1.0,,"Urban Tree Database Table 10, Acer rubrum, dry weight directly"
ACRU,Acer rubrum,red maple,height_from_dbh,quad,3.21698,0.24941,-0.00065,,,"Urban Tree Database Table S6, Northeast (Queens, 2005)"
ACSA1,Acer saccharinum,silver maple,age_from_dbh,cub,1.655,0.22698,0.05987,-0.0008,58.49,"Urban Tree Database Table S6, Northeast (Queens, 2005)"
ACSA1,Acer saccharinum,silver maple,crown_diameter_from_dbh,cub,0.73372,0.3504,-0.00296,1e-05,,"Urban Tree Database Table S6, Northeast (Queens, 2005)"
ACSA1,Acer saccharinum,silver maple,dbh_from_age,loglogw1,1.1583,1.77675,0.25666,,,"Urban Tree Database Table S6, Northeast (Queens, 2005)"
ACSA1,Acer saccharinum,silver maple,dry_weight_from_dbh_height,power,0.0002383,1.998,0.596,440.0,,"Urban Tree Database Table 9, Acer saccharinum; density 440 kg/m3 (Table 11)"
ACSA1,Acer saccharinum,silver maple,height_from_dbh,loglogw2,0.42084,1.68914,0.00482,,,"Urban Tree Database Table S6, Northeast (Queens, 2005)"
ACSA2,Acer saccharum,sugar maple,age_from_dbh,loglogw1,-0.54715,3.22652,0.0706,,105.5,"Urban Tree Database Table S6, Northeast (Queens, 2005)"
ACSA2,Acer saccharum,sugar maple,crown_diameter_from_dbh,quad,0.79563,0.28114,-0.0013,,,"Urban Tree Database Table S6, Northeast (Queens, 2005)"
ACSA2,Acer saccharum,sugar maple,dbh_from_age,lin,2.17085,0.85396,,,,"Urban Tree Database Table S6, Northeast (Queens, 2005)"
ACSA2,Acer saccharum,sugar maple,dry_weight_from_dbh_height,power,0.001011,1.533,0.657,560.0,,"Urban Tree Database Table 9, Acer platanoides; density 560 kg/m3 (Table 11)"
ACSA2,Acer saccharum,sugar maple,height_from_dbh,lin,3.14132,0.23463,,,,"Urban Tree Database Table S6, Northeast (Queens, 2005)"
AEHI,Aesculus hippocastanum,horsechestnut,age_from_dbh,quad,-1.3217,1.38284,-0.00555,,90.02,"Urban Tree Database Table S6, Northeast (Queens, 2005)"
AEHI,Aesculus hippocastanum,horsechestnut,crown_diameter_from_dbh,cub,0.16411,0.36854,-0.00599,4e-05,,"Urban Tree Database Table S6, Northeast (Queens, 2005)"
AEHI,Aesculus hippocastanum,horsechestnut,dbh_from_age,quad,3.34694,0.45797,0.00782,,,"Urban Tree Database Table S6, Northeast (Queens, 2005)"
AEHI,Aesculus hippocastanum,horsechestnut,dry_weight_from_dbh_height,power,0.0001967,1.951853,0.664255,500.0,,"Urban Tree Database Table 9, urban general broadleaf; density 500 kg/m3 (Table 11)"
AEHI,Aesculus hippocastanum,horsechestnut,height_from_dbh,quad,1.36605,0.31715,-0.00145,,,"Urban Tree Database Table S6, Northeast (Queens, 2005)"
FRPE,Fraxinus pennsylvanica,green ash,age_from_dbh,quad,0.15398,0.50207,0.01235,,123.45,"Urban Tree Database Table S6, Northeast (Queens, 2005)"
FRPE,Fraxinus pennsylvanica,green ash,crown_diameter_from_dbh,cub,-0.55792,0.48266,-0.00527,2e-05,,"Urban Tree Database Table S6, Northeast (Queens, 2005)"
FRPE,Fraxinus pennsylvanica,green ash,dbh_from_age,cub,2.41764,1.4626,-0.02052,0.00016,,"Urban Tree Database Table S6, Northeast (Queens, 2005)"
FRPE,Fraxinus pennsylvanica,green ash,dry_weight_from_dbh_height,power,0.0004143,1.847,0.646,530.0,,"Urban Tree Database Table 9, Fraxinus pennsylvanica; density 530 kg/m3 (Table 11)"
FRPE,Fraxinus pennsylvanica,green ash,height_from_dbh,loglogw1,-0.00104,2.0008,0.04176,,,"Urban Tree Database Table S6, Northeast (Queens, 2005)"
GIBI,Ginkgo biloba,ginkgo,age_from_dbh,quad,2.00627,0.94391,8e-05,,82.59,"Urban Tree Database Table S6, Northeast (Queens, 2005)"
GIBI,Ginkgo biloba,ginkgo,crown_diameter_from_dbh,quad,0.56506,0.23562,-0.00074,,,"Urban Tree Database Table S6, Northeast (Queens, 2005)"
GIBI,Ginkgo biloba,ginkgo,dbh_from_age,quad,1.91918,1.0947,-0.00307,,,"Urban Tree Database Table S6, Northeast (Queens, 2005)"
GIBI,Ginkgo biloba,ginkgo,dry_weight_from_dbh_height,power,0.0001967,1.951853,0.664255,520.0,,"Urban Tree Database Table 9, urban general broadleaf; density 520 kg/m3 (Table 11)"
GIBI,Ginkgo biloba,ginkgo,height_from_dbh,quad,1.50395,0.44055,-0.00251,,,"Urban Tree Database Table S6, Northeast (Queens, 2005)"
GLTR,Gleditsia triacanthos,honeylocust,age_from_dbh,lin,-2.08484,0.69231,,,71.86,"Urban Tree Database Table S6, Northeast (Queens, 2005)"
GLTR,Gleditsia triacanthos,honeylocust,crown_diameter_from_dbh,loglogw1,-0.48922,2.32541,0.01534,,,"Urban Tree Database Table S6, Northeast (Queens, 2005)"
GLTR,Gleditsia triacanthos,honeylocust,dbh_from_age,loglogw1,1.68387,1.59967,0.06782,,,"Urban Tree Database Table S6, Northeast (Queens, 2005)"
GLTR,Gleditsia triacanthos,honeylocust,dry_weight_from_dbh_height,power,0.0004891,2.132,0.142,600.0,,"Urban Tree Database Table 9, Gleditsia triacanthos; density 600 kg/m3 (Table 11)"
GLTR,Gleditsia triacanthos,honeylocust,height_from_dbh,quad,2.72568,0.40207,-0.00231,,,"Urban Tree Database Table S6, Northeast (Queens, 2005)"
LIST,Liquidambar styraciflua,sweetgum,age_from_dbh,lin,-2.20877,1.32556,,,80.14,"Urban Tree Database Table S6, Northeast (Queens, 2005)"
LIST,Liquidambar styraciflua,sweetgum,crown_diameter_from_dbh,quad,0.20226,0.2869,-0.0009,,,"Urban Tree Database Table S6, Northeast (Queens, 2005)"
LIST,Liquidambar styraciflua,sweetgum,dbh_from_age,quad,3.42364,0.88982,-0.00252,,,"Urban Tree Database Table S6, Northeast (Queens, 2005)"
LIST,Liquidambar styraciflua,sweetgum,dry_weight_from_dbh_height,power,6.31e-05,2.31582,0.41571,460.0,,"Urban Tree Database Table 9, Liquidambar styraciflua; density 460 kg/m3 (Table 11)"
LIST,Liquidambar styraciflua,sweetgum,height_from_dbh,cub,1.22713,0.4387,-0.00425,2e-05,,"Urban Tree Database Table S6, Northeast (Queens, 2005)"
MA2,Malus spp.,apple,age_from_dbh,lin,-0.77187,1.14474,,,46.08,"Urban Tree Database Table S6, Northeast (Queens, 2005)"
MA2,Malus spp.,apple,crown_diameter_from_dbh,quad,0.44624,0.33986,-0.00342,,,"Urban Tree Database Table S6, Northeast (Queens, 2005)"
MA2,Malus spp.,apple,dbh_from_age,lin,2.84705,0.74535,,,,"Urban Tree Database Table S6, Northeast (Queens, 2005)"
MA2,Malus spp.,apple,dry_weight_from_dbh_height,power,0.0001967,1.951853,0.664255,610.0,,"Urban Tree Database Table 9, urban general broadleaf; density 610 kg/m3 (Table 11)"
MA2,Malus spp.,apple,height_from_dbh,expow1,1.0323,0.02559,0.0767,,,"Urban Tree Database Table S6, Northeast (Queens, 2005)"
PIST,Pinus strobus,eastern white pine,age_from_dbh,quad,0.51428,0.55776,0.0201,,96.1,"Urban Tree Database Table S6, Northeast (Queens, 2005)"
PIST,Pinus strobus,eastern white pine,crown_diameter_from_dbh,quad,0.26428,0.28611,-0.00132,,,"Urban Tree Database Table S6, Northeast (Queens, 2005)"
PIST,Pinus strobus,eastern white pine,dbh_from_age,cub,1.87523,1.11975,-0.01146,6e-05,,"Urban Tree Database Table S6, Northeast (Queens, 2005)"
PIST,Pinus strobus,eastern white pine,dry_weight_from_dbh_height,power,4.26e-05,2.24358,0.64956,340.0,,"Urban Tree Database Table 9, urban general conifer; density 340 kg/m3 (Table 11)"
PIST,Pinus strobus,eastern white pine,height_from_dbh,loglogw1,-0.28182,2.25935,0.04993,,,"Urban Tree Database Table S6, Northeast (Queens, 2005)"
PLAC,Platanus x acerifolia,London planetree,age_from_dbh,cub,0.58171,0.30204,0.03224,-0.00037,61.76,"Urban Tree Database Table S6, Northeast (Queens, 2005)"
PLAC,Platanus x acerifolia,London planetree,crown_diameter_from_dbh,loglogw1,-0.75195,2.41418,0.01977,,,"Urban Tree Database Table S6, Northeast (Queens, 2005)"
PLAC,Platanus x acerifolia,London planetree,dbh_from_age,quad,2.40322,1.2942,-0.00705,,,"Urban Tree Database Table S6, Northeast (Queens, 2005)"
PLAC,Platanus x acerifolia,London planetree,dry_weight_from_dbh_height,power,4.85e-05,2.43642,0.39168,500.0,,"Urban Tree Database Table 9, Platanus x acerifolia; density 500 kg/m3 (Table 11)"
PLAC,Platanus x acerifolia,London planetree,height_from_dbh,quad,3.29515,0.30021,-0.00109,,,"Urban Tree Database Table S6, Northeast (Queens, 2005)"
PRSE2,Prunus serrulata,Kwanzan cherry,age_from_dbh,lin,-1.6058,0.62144,,,92.51,"Urban Tree Database Table S6, Northeast (Queens, 2005)"
PRSE2,Prunus serrulata,Kwanzan cherry,crown_diameter_from_dbh,cub,1.57321,0.29639,-0.00543,4e-05,,"Urban Tree Database Table S6, Northeast (Queens, 2005)"
PRSE2,Prunus serrulata,Kwanzan cherry,dbh_from_age,lin,3.606,1.53283,,,,"Urban Tree Database Table S6, Northeast (Queens, 2005)"
PRSE2,Prunus serrulata,Kwanzan cherry,dry_weight_from_dbh_height,power,0.0001967,1.951853,0.664255,560.0,,"Urban Tree Database Table 9, urban general broadleaf; density 560 kg/m3 (Table 11)"
PRSE2,Prunus serrulata,Kwanzan cherry,height_from_dbh,loglogw2,0.20839,1.34422,0.00885,,,"Urban Tree Database Table S6, Northeast (Queens, 2005)"
PYCA,Pyrus calleryana,Callery pear,age_from_dbh,lin,-1.06138,0.61303,,,54.93,"Urban Tree Database Table S6, Northeast (Queens, 2005)"
PYCA,Pyrus calleryana,Callery pear,crown_diameter_from_dbh,lin,0.41182,0.28531,,,,"Urban Tree Database Table S6, Northeast (Queens, 2005)"
PYCA,Pyrus calleryana,Callery pear,dbh_from_age,lin,4.13514,1.2698,,,,"Urban Tree Database Table S6, Northeast (Queens, 2005)"
PYCA,Pyrus calleryana,Callery pear,dry_weight_from_dbh_height,power,0.0001967,1.951853,0.664255,600.0,,"Urban Tree Database Table 9, urban general broadleaf; density 600 kg/m3 (Table 11)"
PYCA,Pyrus calleryana,Callery pear,height_from_dbh,loglogw1,0.39228,1.55901,0.02317,,,"Urban Tree Database Table S6, Northeast (Queens, 2005)"
QUPA,Quercus palustris,pin oak,age_from_dbh,lin,1.76652,0.68508,,,127.63,"Urban Tree Database Table S6, Northeast (Queens, 2005)"
QUPA,Quercus palustris,pin oak,crown_diameter_from_dbh,cub,0.58861,0.37575,-0.00351,2e-05,,"Urban Tree Database Table S6, Northeast (Queens, 2005)"
QUPA,Quercus palustris,pin oak,dbh_from_age,lin,2.85629,1.29969,,,,"Urban Tree Database Table S6, Northeast (Queens, 2005)"
QUPA,Quercus palustris,pin oak,dry_weight_from_dbh_height,power,4.47e-05,2.31958,0.62528,580.0,,"Urban Tree Database Table 10, Quercus agrifolia; density 580 kg/m3 (Table 11)"
QUPA,Quercus palustris,pin oak,height_from_dbh,lin,2.97948,0.24435,,,,"Urban Tree Database Table S6, Northeast (Queens, 2005)"
QUPH,Quercus phellos,willow oak,age_from_dbh,cub,-0.46592,0.39042,0.01441,-0.0001,121.05,"Urban Tree Database Table S6, Northeast (Queens, 2005)"
QUPH,Quercus phellos,willow oak,crown_diameter_from_dbh,quad,0.87983,0.27243,-0.00077,,,"Urban Tree Database Table S6, Northeast (Queens, 2005)"
QUPH,Quercus phellos,willow oak,dbh_from_age,lin,4.16427,1.14593,,,,"Urban Tree Database Table S6, Northeast (Queens, 2005)"
QUPH,Quercus phellos,willow oak,dry_weight_from_dbh_height,power,4.47e-05,2.31958,0.62528,560.0,,"Urban Tree Database Table 10, Quercus agrifolia; density 560 kg/m3 (Table 11)"
QUPH,Quercus phellos,willow oak,height_from_dbh,loglogw1,0.20016,1.85242,0.01859,,,"Urban Tree Database Table S6, Northeast (Queens, 2005)"
QURU,Quercus rubra,northern red oak,age_from_dbh,lin,0.01607,1.01679,,,139.63,"Urban Tree Database Table S6, Northeast (Queens, 2005)"
QURU,Quercus rubra,northern red oak,crown_diameter_from_dbh,quad,1.13733,0.27575,-0.00076,,,"Urban Tree Database Table S6, Northeast (Queens, 2005)"
QURU,Quercus rubra,northern red oak,dbh_from_age,lin,2.89687,0.91156,,,,"Urban Tree Database Table S6, Northeast (Queens, 2005)"
QURU,Quercus rubra,northern red oak,dry_weight_from_dbh_height,power,0.113,2.4572,0.0,1.0,,"Urban Tree Database Table 10, Quercus rubra, dry weight directly"
QURU,Quercus rubra,northern red oak,height_from_dbh,quad,2.98261,0.30808,-0.00105,,,"Urban Tree Database Table S6, Northeast (Queens, 2005)"
TICO,Tilia cordata,littleleaf linden,age_from_dbh,cub,-0.31291,0.44918,0.0172,-0.00011,131.1,"Urban Tree Database Table S6, Northeast (Queens, 2005)"
TICO,Tilia cordata,littleleaf linden,crown_diameter_from_dbh,cub,-1.14976,0.44387,-0.00442,2e-05,,"Urban Tree Database Table S6, Northeast (Queens, 2005)"
TICO,Tilia cordata,littleleaf linden,dbh_from_age,cub,2.70741,1.43292,-0.01191,6e-05,,"Urban Tree Database Table S6, Northeast (Queens, 2005)"
TICO,Tilia cordata,littleleaf linden,dry_weight_from_dbh_height,power,0.0009453,1.617,0.59,420.0,,"Urban Tree Database Table 9, Tilia cordata; density 420 kg/m3 (Table 11)"
TICO,Tilia cordata,littleleaf linden,height_from_dbh,quad,2.91533,0.27146,-0.00098,,,"Urban Tree Database Table S6, Northeast (Queens, 2005)"
TITO,Tilia tomentosa,silver linden,age_from_dbh,expow1,1.29182,0.06238,0.46843,,45.3,"Urban Tree Database Table S6, Northeast (Queens, 2005)"
TITO,Tilia tomentosa,silver linden,crown_diameter_from_dbh,loglogw2,-1.14455,2.59113,0.00931,,,"Urban Tree Database Table S6, Northeast (Queens, 2005)"
TITO,Tilia tomentosa,silver linden,dbh_from_age,loglogw1,1.36034,1.49373,0.29856,,,"Urban Tree Database Table S6, Northeast (Queens, 2005)"
TITO,Tilia tomentosa,silver linden,dry_weight_from_dbh_height,power,0.0009453,1.617,0.59,320.0,,"Urban Tree Database Table 9, Tilia cordata; density 320 kg/m3 (Table 11)"
TITO,Tilia tomentosa,silver linden,height_from_dbh,loglogw1,0.2228,1.69429,0.01134,,,"Urban Tree Database Table S6, Northeast (Queens, 2005)"
ULAM,Ulmus americana,American elm,age_from_dbh,lin,-1.24865,0.70723,,,132.97,"Urban Tree Database Table S6, Northeast (Queens, 2005)"
ULAM,Ulmus americana,American elm,crown_diameter_from_dbh,cub,2.38566,0.12102,0.0024,-2e-05,,"Urban Tree Database Table S6, Northeast (Queens, 2005)"
ULAM,Ulmus americana,American elm,dbh_from_age,lin,5.28982,1.31631,,,,"Urban Tree Database Table S6, Northeast (Queens, 2005)"
ULAM,Ulmus americana,American elm,dry_weight_from_dbh_height,power,0.0012,1.696,0.405,460.0,,"Urban Tree Database Table 9, Ulmus americana; density 460 kg/m3 (Table 11)"
ULAM,Ulmus americana,American elm,height_from_dbh,quad,2.72347,0.31773,-0.00119,,,"Urban Tree Database Table S6, Northeast (Queens, 2005)"
ZESE,Zelkova serrata,Japanese zelkova,age_from_dbh,cub,-1.109,1.1192,-0.0227,0.00025,81.63,"Urban Tree Database Table S6, Northeast (Queens, 2005)"
ZESE,Zelkova serrata,Japanese zelkova,crown_diameter_from_dbh,loglogw1,-0.6785,2.39897,0.00585,,,"Urban Tree Database Table S6, Northeast (Queens, 2005)"
ZESE,Zelkova serrata,Japanese zelkova,dbh_from_age,lin,2.17317,1.32424,,,,"Urban Tree Database Table S6, Northeast (Queens, 2005)"
ZESE,Zelkova serrata,Japanese zelkova,dry_weight_from_dbh_height,power,4.01e-05,2.36318,0.5519,520.0,,"Urban Tree Database Table 9, Zelkova serrata; density 520 kg/m3 (Table 11)"
ZESE,Zelkova serrata,Japanese zelkova,height_from_dbh,loglogw1,0.01056,1.93455,0.0362,,,"Urban Tree Database Table S6, Northeast (Queens, 2005)"
