id_integer,denominazione,desc_estesa,statocivico,longitude,latitude,observation_count,accuracy_unknown_count
182354,Piazza CASTELLO,Piazza,8,9.181239009571307,45.46905374004133,14,4
182377,Piazza EINAUDI LUIGI,Piazza,8,9.195386027547212,45.48383653394915,1,0
182396,Piazza SIMPLICIANO (SAN),Piazza,8,9.183919000473368,45.4736953902316,0,0
182407,Piazza MIRABELLO CARLO,Piazza,8,9.189797729699695,45.475307524634324,0,0
182409,Piazza MARCO (SAN),Piazza,8,9.188151352924343,45.47319774136042,1,1
182424,Piazza REPUBBLICA (DELLA),Piazza,8,9.19760705527538,45.47902845986647,3,2
182430,Piazzale PRINCIPESSA CLOTILDE,Piazzale,8,9.193035196052671,45.47965842826063,0,0
182433,Piazza VENTICINQUE APRILE,Piazza,8,9.186908085179502,45.480670909878576,0,0
182434,Piazza ANGELO (SANT'),Piazza,8,9.192094896804338,45.476021994609965,0,0
182436,Piazza PAOLO VI,Piazza,8,9.18481796629492,45.47342419916069,0,0
182491,Piazzale ARCHINTO CARLO,Piazzale,8,9.187204634884678,45.487867034555066,0,0
182495,Piazza FIDIA,Piazza,8,9.185873229657188,45.48934610288598,0,0
182504,Piazzale LAGOSTA,Piazzale,8,9.191178322255237,45.48965605292402,0,0
182536,Piazza QUATTRO NOVEMBRE,Piazza,8,9.202492065465837,45.48669242821163,1,0
182537,Piazza DUCA D'AOSTA,Piazza,8,9.203301143458887,45.48488578615949,7,2
182564,Piazzale NIGRA COSTANTINO,Piazzale,8,9.171131489435862,45.49654924837385,0,0
182565,Piazzale LUGANO,Piazzale,8,9.166160167071448,45.498392198514026,0,0
182581,Piazza BAUSAN GIOVANNI,Piazza,8,9.165333639079831,45.50229268529544,0,0
182632,Piazza SPOTORNO,Piazza,8,9.187594356812253,45.49373460917224,1,1
182635,Piazza MARIA ALLA FONTANA (SANTA),Piazza,8,9.188447306407715,45.49271350577136,0,0
182636,Piazza PASOLINI GIUSEPPE,Piazza,8,9.18600533963867,45.49640004408921,0,0
182647,Piazza CASERTA,Piazza,8,9.195820351561707,45.50126526902899,0,0
182655,Piazzale ISTRIA,Piazzale,8,9.197987711285919,45.50168952618614,0,0
182666,Piazzale MASSARI GIUSEPPE,Piazzale,8,9.198281214215893,45.495869185207724,0,0
182669,Piazzale MACIACHINI CARLO,Piazzale,8,9.185706310409868,45.49781121374039,0,0
182672,Piazza APPIO CLAUDIO,Piazza,8,9.194441539108714,45.49213697330313,0,0
182681,Piazzale FARINA SALVATORE,Piazzale,8,9.200037084258511,45.49857135736557,0,0
182685,Piazza CARBONARI,Piazza,8,9.20010546694369,45.49374914006945,0,0
182723,Piazza GRECO,Piazza,8,9.211846453502202,45.502167674551345,0,0
182742,Piazza LIBERTY (DEL),Piazza,8,9.194127730010468,45.465484899557545,2,0
182750,Piazza FERRARI PAOLO,Piazza,8,9.188762649441207,45.467010090537194,1,1
182763,Piazza CARMINE (DEL),Piazza,8,9.185204464682995,45.47023992386651,0,0
182765,Piazzetta BRERA (DI),Piazzetta,8,9.18835312939257,45.47109850185827,0,0
182776,Piazza ERASMO (SANT'),Piazza,8,9.19221884103809,45.47136170339686,0,0
182778,Piazzetta CUCCIA ENRICO,Piazzetta,8,9.188377069106004,45.46756719221649,0,0
182779,Piazzetta DELL'AMORE GIORDANO,Piazzetta,8,9.187676060461623,45.46848313405793,0,0
182781,Piazza SCALA (DELLA),Piazza,8,9.190007046458824,45.46696367222096,4,3
182783,Piazza FEDELE (SAN),Piazza,8,9.1910619743335,45.466372647027,5,4
182789,Piazza MEDA FILIPPO,Piazza,8,9.193278540235655,45.466935410543385,1,0
182792,Piazza CARLO (SAN),Piazza,8,9.196440802506345,45.465909248772086,0,0
182793,Piazza BABILA (SAN),Piazza,8,9.197393153034382,45.466390054598925,0,0
182806,Piazza CAVOUR,Piazza,8,9.195227470774388,45.472600182498816,0,0
182816,Piazza BECCARIA CESARE,Piazza,8,9.195004356556542,45.46423476552057,0,0
182817,Piazza FONTANA,Piazza,8,9.19388334844752,45.46358619080434,0,0
182837,Piazza VELASCA,Piazza,8,9.190346254207075,45.460140011530235,0,0
182840,Piazza DIAZ ARMANDO,Piazza,8,9.189998246278135,45.462344109324754,1,0
182844,Piazzetta GIORDANO UMBERTO,Piazzetta,8,9.198891927935355,45.46610204505149,0,0
182851,Piazza STEFANO (SANTO),Piazza,8,9.194861657819258,45.46223920206053,1,0
182862,Piazza EUFEMIA (SANT'),Piazza,8,9.187974980064311,45.45753007495612,0,0
182864,Piazza ERCULEA,Piazza,8,9.189791030744331,45.458926024469946,0,0
182869,Piazza MARIA BELTRADE (SANTA),Piazza,8,9.186631412609286,45.4627631811033,2,1
182870,Piazza VETRA,Piazza,8,9.182649145929174,45.45826118858647,0,0
182880,Piazza MISSORI GIUSEPPE,Piazza,8,9.188172395158634,45.46104195996598,0,0
182885,Piazza ALESSANDRO (SANT'),Piazza,8,9.186428084295962,45.4608922795352,1,1
182900,Piazza MERCANTI (DEI),Piazza,8,9.18769950520894,45.464627830341605,1,1
182913,Piazza MASSAIA GUGLIELMO,Piazza,8,9.181381012902492,45.46151939422482,0,0
182914,Piazza MENTANA,Piazza,8,9.181801241083742,45.46186181129674,0,0
182921,Piazza SEPOLCRO (SAN),Piazza,8,9.18514172770549,45.46294725394252,0,0
182926,Piazza PIO XI,Piazza,8,9.186158150948698,45.4636777753423,0,0
182932,Piazzetta ESCRIVA' JOSEMARIA (SAN),Piazzetta,8,9.177644569279147,45.460400746516584,0,0
182934,Piazza GIORGIO (SAN),Piazza,8,9.18374607298391,45.4609940443747,0,0
182937,Piazza BERTARELLI LUIGI VITTORIO,Piazza,8,9.187582596690895,45.45846437336499,0,0
182951,Piazzale CADORNA LUIGI,Piazzale,8,9.177124653326377,45.46811264900869,1,0
182969,Piazza AFFARI (DEGLI),Piazza,8,9.183309227332137,45.46461661027675,0,0
182974,Piazza CORDUSIO,Piazza,8,9.186321628625473,45.46541467774573,2,0
182976,Piazza EDISON TOMMASO,Piazza,8,9.184721567071996,45.46436346552405,0,0
182979,Piazza BORROMEO,Piazza,8,9.182534586677424,45.463541704117894,0,0
182990,Piazza AMBROGIO (SANT'),Piazza,8,9.175944666466714,45.46337221700877,0,0
183010,Piazza MARTELLI FRANCO,Piazza,8,9.204052632618277,45.52262330667494,0,0
183021,Piazzale EGEO,Piazzale,8,9.2138670016585,45.51296514571629,0,0
183034,Piazza GASPARRI PIETRO,Piazza,8,9.162528218514957,45.52649808976129,0,0
183039,Piazza BRUZZANO,Piazza,8,9.173879071704949,45.526949111584926,0,0
183072,Piazza FREUD SIGMUND,Piazza,8,9.18769588812481,45.48424029533262,0,0
183083,Piazza ALFIERI EMILIO,Piazza,8,9.160483071382059,45.502956637795045,0,0
183090,Piazza DAINI (DEI),Piazza,8,9.211024630957965,45.51564350355222,1,0
183091,Piazza ATENEO NUOVO (DELL'),Piazza,8,9.214275194186733,45.5181477683687,0,0
183095,Piazza SCIENZA (DELLA),Piazza,8,9.211327173341695,45.513626746130555,2,0
183100,Piazza TRIVULZIANA (DELLA),Piazza,8,9.212229009039522,45.51537897179807,1,0
183104,Piazzale MARTESANA,Piazzale,8,9.224595724831833,45.508904708827195,0,0
183107,Piazza VIGILI DEL FUOCO,Piazza,8,9.246674191851826,45.47886694592146,0,0
183123,Piazza PIETRO IN GESSATE (SAN),Piazza,8,9.201476265599487,45.462693197351776,0,0
183145,Piazza TRICOLORE (DEL),Piazza,8,9.206563006560161,45.46783153968822,0,0
183149,Piazza CINQUE GIORNATE,Piazza,8,9.207149421609017,45.46226288412899,0,0
183162,Piazza DUSE ELEONORA,Piazza,8,9.204393037145088,45.47132052811207,0,0
183173,Piazza MARIA DEL SUFFRAGIO (SANTA),Piazza,8,9.211502227464669,45.462011999356626,0,0
183196,Piazzale SUSA,Piazzale,8,9.22418365149949,45.4680851068474,0,0
183205,Piazza NOVELLI ERMETE,Piazza,8,9.219514464897946,45.470890034137625,0,0
183207,Piazza GRANDI GIUSEPPE,Piazza,8,9.220717201946588,45.46201747332893,0,0
183208,Piazza EMILIA,Piazza,8,9.21668271053007,45.4624995329299,0,0
183212,Piazzale DATEO,Piazzale,8,9.216775389642251,45.467953178211715,0,0
183217,Piazza FERRAVILLA EDOARDO,Piazza,8,9.223084730605104,45.47115401686676,1,0
183222,Piazza ERBA CARLO,Piazza,8,9.221366006020762,45.474974223345626,0,0
183244,Piazzale CUOCO VINCENZO,Piazzale,8,9.224078556841949,45.45100275335155,0,0
183251,Piazza ASPARI DOMENICO,Piazza,8,9.221391818753599,45.471816059334174,0,0
183252,Piazza ASCOLI GRAZIADIO ISAIA,Piazza,8,9.217466350168419,45.473379062475665,0,0
183257,Piazza BANDIERA (F.LLI),Piazza,8,9.210655930278941,45.470877530662285,0,0
183283,Piazza IMPERATORE TITO,Piazza,8,9.21826718996544,45.45438358583041,0,0
183285,Piazzale MARTINI FERDINANDO,Piazzale,8,9.220549816973199,45.45709981784049,0,0
183330,Piazza ADIGRAT,Piazza,8,9.227141413368933,45.465611077252575,0,0
183340,Piazza FUSINA ANDREA,Piazza,8,9.229754265408012,45.468627023315626,1,0
183347,Piazza GIOLITTI GIOVANNI,Piazza,8,9.225072180004092,45.47539052045873,0,0
183354,Piazzale BACONE FRANCESCO,Piazzale,8,9.214781321158117,45.480657536894206,0,0
183362,Piazza OBERDAN GUGLIELMO,Piazza,8,9.20561531015512,45.474560953569046,1,0
183379,Piazza CINCINNATO,Piazza,8,9.203954232692475,45.479929179407904,0,0
183386,Piazza DE LELLIS SAN CAMILLO,Piazza,8,9.20339474732025,45.48208624623193,0,0
183389,Piazza LIMA,Piazza,8,9.211152595587032,45.48029976397515,0,0
183409,Piazzale LAVATER,Piazzale,8,9.21074368768047,45.47668212862516,0,0
183437,Piazza FRANCESCA ROMANA (SANTA),Piazza,8,9.208242687049673,45.476413981660826,1,0
183441,Piazza OTTO NOVEMBRE,Piazza,8,9.211000341447038,45.47457582989723,0,0
183455,Piazza BERNINI GIAN LORENZO,Piazza,8,9.221412051980709,45.47897666685702,0,0
183465,Piazzale PIOLA GABRIO,Piazzale,8,9.223640046145002,45.48030758965542,1,0
183475,Piazza ARGENTINA,Piazza,8,9.21485928338093,45.484194597677316,0,0
183485,Piazza ASPROMONTE,Piazza,8,9.2202530953227,45.48378842491496,1,0
183494,Piazza CAIAZZO,Piazza,8,9.209827577716867,45.48532760755227,0,0
183495,Piazza LUIGI DI SAVOIA,Piazza,8,9.206807790057415,45.48571966408187,0,0
183499,Piazzale LORETO,Piazzale,8,9.216979688155865,45.486197436065886,0,0
183509,Piazza DURANTE FRANCESCO,Piazza,8,9.223542680014294,45.48910516119224,0,0
183518,Piazza MORBEGNO,Piazza,8,9.216360278299348,45.49307060519058,0,0
183544,Piazza ANELLI GIACOMO,Piazza,8,9.22332505803483,45.497903386279816,0,0
183552,Piazza SESIA DAVIDE,Piazza,8,9.229217162897575,45.498449536309316,0,0
183591,Piazza SIRE RAUL,Piazza,8,9.22979871323851,45.492314652523895,0,0
183620,Piazza MATERNO (SAN),Piazza,8,9.2272439611116,45.488699009602826,0,0
183682,Piazza PICCOLI MARTIRI,Piazza,8,9.224167982393581,45.50447663669929,0,0
183701,Piazza COSTANTINO,Piazza,8,9.247570453749487,45.50966382070998,0,0
183754,Piazza BOTTINI ENRICO,Piazza,8,9.236228398751157,45.48474005440139,3,3
183755,Piazza DONEGANI CARLO,Piazza,8,9.232279331118859,45.48204440604883,0,0
183800,Piazza BOROTTI DON LUIGI,Piazza,8,9.242704166504133,45.48882187508793,0,0
183804,Piazzale UDINE,Piazzale,8,9.236977202671456,45.49106724859853,0,0
183807,Piazza MONTE TITANO,Piazza,8,9.237743718073345,45.4861519334724,0,0
183839,Piazza GIUSEPPE (SAN),Piazza,8,9.205964427809004,45.52660474980639,0,0
183886,Piazza DERGANO,Piazza,8,9.176917738792104,45.50317768957264,0,0
183905,Piazzale NIZZA,Piazzale,8,9.18886587651808,45.50336445339328,0,0
183907,Piazza OSPEDALE MAGGIORE,Piazza,8,9.189214141872439,45.50908193454742,0,0
183929,Piazza GIUSTINA (SANTA),Piazza,8,9.169533378690316,45.51711063767562,0,0
183959,Piazza FORTUNATO GIUSTINO,Piazza,8,9.17472677057656,45.523553892604866,0,0
183970,Piazza BELLOVESO,Piazza,8,9.194132041500158,45.51552319090039,0,0
183972,Piazza GRAN PARADISO,Piazza,8,9.193912776353631,45.51756384860443,0,0
184011,Piazza BAZZI GIOVANNI ANTONIO,Piazza,8,9.161735245746108,45.45665721016827,0,0
184017,Piazza VESUVIO,Piazza,8,9.159797341611744,45.459881885562005,0,0
184033,Piazza BOLIVAR SIMONE,Piazza,8,9.152546815200697,45.45514440273226,0,0
184038,Piazzale DE AGOSTINI GIOVANNI,Piazzale,8,9.156122491250795,45.458113256380535,0,0
184054,Piazza VIRGILIO,Piazza,8,9.173265176798083,45.467741913738635,0,0
184057,Piazza MARIA DELLE GRAZIE (SANTA),Piazza,8,9.170431207256796,45.465998263427295,2,0
184064,Piazza TOMMASEO NICCOLO',Piazza,8,9.166861424693307,45.46938582723782,0,0
184066,Piazza CONCILIAZIONE,Piazza,8,9.166392599344034,45.46752245908105,0,0
184085,Piazzale AQUILEIA,Piazzale,8,9.163226276902437,45.46129335331001,0,0
184088,Piazza DE MEIS CAMILLO,Piazza,8,9.163957847641786,45.46355951234988,0,0
184097,Piazza VENINO,Piazza,8,9.16937196075411,45.46094673781804,0,0
184100,Piazza FILANGIERI GAETANO,Piazza,8,9.167826526909652,45.46082026213546,0,0
184110,Piazza PO,Piazza,8,9.158249111855834,45.46232299379126,0,0
184123,Piazza WAGNER RICCARDO,Piazza,8,9.155729698963603,45.46829806614896,0,0
184128,Piazza BUONARROTI MICHELANGELO,Piazza,8,9.155376247146615,45.47033487919266,1,0
184130,Piazza PIEMONTE,Piazza,8,9.15519669198932,45.466491723011,0,0
184141,Piazza SICILIA,Piazza,8,9.152949945648412,45.46444075464604,0,0
184151,Piazza DE ANGELI ERNESTO,Piazza,8,9.149803773057188,45.466416742887354,0,0
184191,Piazza AMBROSOLI GIORGIO,Piazza,8,9.161040973235378,45.46401953812357,0,0
184206,Piazza MONTI GIOSIA,Piazza,8,9.08868946392267,45.475742092945886,0,0
184232,Piazza OVIDIO,Piazza,8,9.241495414049801,45.457697441174716,0,0
184235,Piazza CARTAGINE,Piazza,8,9.238139850531246,45.45635150784289,0,0
184281,Piazza FERRARI ANDREA CARDINALE,Piazza,8,9.192517062745129,45.45539080322772,0,0
184335,Piazza SALGARI EMILIO,Piazza,8,9.220686725504189,45.450161153395264,0,0
184349,Piazzale MEDAGLIE D'ORO,Piazzale,8,9.202945858204187,45.45196810053255,0,0
184355,Piazza MONDADORI ARNOLDO,Piazza,8,9.191462776541863,45.45308182002379,0,0
184385,Piazza LUIGI (SAN),Piazza,8,9.214051763068298,45.44387583354364,0,0
184390,Piazza BONOMELLI GEREMIA,Piazza,8,9.213748861774288,45.44094374676882,0,0
184398,Piazzale FERRARA,Piazzale,8,9.220029931212334,45.4377457134977,0,0
184411,Piazzale BOLOGNA,Piazzale,8,9.22412733579443,45.444294870567205,0,0
184413,Piazzale CORVETTO LUIGI EMANUELE,Piazzale,8,9.224273656330157,45.4397428862999,0,0
184454,Piazza TRENTO,Piazza,8,9.20288213818638,45.44691007912808,0,0
184455,Piazza BUOZZI BRUNO,Piazza,8,9.20616753607998,45.44948741032513,0,0
184474,Piazzale LODI,Piazzale,8,9.210150059654524,45.44731503670313,0,0
184477,Piazza CHIARADIA ENRICO,Piazza,8,9.197898010216292,45.437039790390095,0,0
184494,Piazza ANGILBERTO II,Piazza,8,9.216987135549969,45.43699712898027,0,0
184501,Piazzale ROSA GABRIELE,Piazzale,8,9.224367825731061,45.43745137789182,0,0
184515,Piazza MISTRAL FEDERICO,Piazza,8,9.235618348189877,45.43506405658562,0,0
184549,Piazza ROSARIO (DEL),Piazza,8,9.162869988519496,45.455148448507586,0,0
184560,Piazzale CANTORE ANTONIO,Piazzale,8,9.173610534108805,45.45537804529456,1,0
184572,Piazzale STAZIONE DI PORTA GENOVA,Piazzale,8,9.169881111450495,45.453158744721904,2,0
184580,Piazza NAPOLI,Piazza,8,9.153700507211948,45.45336192746702,0,0
184596,Piazza ARCOLE,Piazza,8,9.172449956905274,45.44983648028136,0,0
184625,Piazza EUSTORGIO (SANT'),Piazza,8,9.180771457615876,45.45365893894783,0,0
184639,Piazza VENTIQUATTRO MAGGIO,Piazza,8,9.18021741681004,45.4526786653714,0,0
184647,Piazza CARO TITO LUCREZIO,Piazza,8,9.183214819382838,45.44900423880297,0,0
184666,Piazza BIBBIENA,Piazza,8,9.184866910957238,45.445294467716884,0,0
184680,Piazza CADUTI DEL LAVORO,Piazza,8,9.1852046445241,45.44325720184343,0,0
184689,Piazza CARRARA FRANCESCO,Piazza,8,9.175542231234301,45.43734038940426,0,0
184701,Piazza BELFANTI SERAFINO,Piazza,8,9.17271696054732,45.44379517511431,0,0
184725,Piazza OHM GIORGIO SIMONE,Piazza,8,9.147780385440308,45.442833624131644,0,0
184731,Piazza MIANI GUGLIELMO,Piazza,8,9.154659407573163,45.43736336600164,0,0
184752,Piazza AGRIPPA MARCO,Piazza,8,9.183787502520978,45.433205013315195,0,0
184774,Piazzale NEGRELLI LUIGI,Piazzale,8,9.139868281809486,45.44312938885846,0,0
184780,Piazza TIRANA,Piazza,8,9.129796536821805,45.44342295649808,0,0
184788,Piazza FRATTINI PIETRO,Piazza,8,9.142475206704335,45.45188177165626,0,0
184834,Piazza AXUM,Piazza,8,9.123833908353884,45.47564178646785,0,0
184836,Piazzale SPORT (DELLO),Piazzale,8,9.128567552676275,45.48027831561838,0,0
184847,Piazza ESQUILINO,Piazza,8,9.132796284706505,45.475562901286835,0,0
184850,Piazzale ZAVATTARI (F.LLI),Piazzale,8,9.143071384067584,45.475917790378155,0,0
184852,Piazzale LOTTO LORENZO,Piazzale,8,9.142981691717154,45.479884725078215,0,0
184858,Piazzale CRIVELLONE,Piazzale,8,9.146674025413288,45.47212753943708,0,0
184867,Piazzale BRESCIA,Piazzale,8,9.144809804620971,45.47083344722565,0,0
184871,Piazza MONTE FALTERONA,Piazza,8,9.140326619925892,45.474050520484404,0,0
184879,Piazzale SELINUNTE,Piazzale,8,9.137472200921998,45.47206862391397,0,0
184892,Piazza SCOLARI ROSA,Piazza,8,9.100848845348848,45.49078862556609,0,0
184906,Piazzale GAMBARA VERONICA,Piazzale,8,9.142988405444429,45.46497878374281,0,0
184908,Piazzale VELASQUEZ DIEGO,Piazzale,8,9.141092385476352,45.46737000583081,0,0
184911,Piazza GHIRLANDAIO DOMENICO,Piazza,8,9.146017922912325,45.467051794914255,0,0
184927,Piazzale GIOVANNI DALLE BANDE NERE,Piazzale,8,9.136914677008486,45.46129211617643,0,0
184929,Piazzale SIENA,Piazzale,8,9.136898475441049,45.46504908559479,0,0
184932,Piazza MELOZZO DA FORLI',Piazza,8,9.131008038034935,45.46792434723656,0,0
184941,Piazza AMATI CARLO,Piazza,8,9.125208237044669,45.469309404972215,0,0
184944,Piazzale PERRUCCHETTI GIUSEPPE,Piazzale,8,9.127662054841196,45.4655076395894,0,0
185010,Piazza PEREGO GIOVANNI,Piazza,8,9.169592262706974,45.48963510023783,0,0
185044,Piazza RESISTENZA PARTIGIANA,Piazza,8,9.177801736013873,45.45890371941312,0,0
185048,Piazza QUASIMODO SALVATORE,Piazza,8,9.184319348341532,45.458735564028544,0,0
185069,Piazzetta ALCIATO ANDREA,Piazzetta,8,9.174349708523911,45.528583157343625,0,0
185092,Piazza GORLA,Piazza,8,9.221704921215334,45.50381163809426,0,0
185094,Piazza PRECOTTO,Piazza,8,9.224599851847623,45.51244268270479,0,0
185125,Piazza CAPPELLI MICHELE,Piazza,8,9.217309766908537,45.45878174038586,0,0
185130,Piazza ARTIGIANATO,Piazza,8,9.24406606086753,45.46126961639682,0,0
185161,Piazzale MILIZIE (DELLE),Piazzale,8,9.155778908995494,45.44968304088007,0,0
185167,Piazza BILBAO,Piazza,8,9.159247763169386,45.44353837454299,0,0
185170,Piazza MAGGI GIAN ANTONIO,Piazza,8,9.17103042297257,45.43778141403562,0,0
185183,Piazza PACI ENZO,Piazza,8,9.153578734273186,45.430526873209736,0,0
185258,Piazza GIOVANNI (SAN),Piazza,8,9.099665050735688,45.4908121143244,0,0
185291,Piazza GARIBALDI ANITA,Piazza,8,9.087430744872679,45.46362152730124,0,0
185294,Piazza APOLLINARE (SANT'),Piazza,8,9.09451141279967,45.460115608382715,0,0
185340,Piazza MADONNA DELLA PROVVIDENZA,Piazza,8,9.088954233121347,45.47664189010463,0,0
185344,Piazza STOVANI CESARE,Piazza,8,9.092495363908267,45.460729583192695,0,0
185375,Piazza OLIVELLI TERESIO,Piazza,8,9.116795853525172,45.46016454166154,0,0
185388,Piazzale MARENGO,Piazzale,8,9.182613910633759,45.473390156873336,0,0
185390,Piazzale BIANCAMANO,Piazzale,8,9.181377086616232,45.47828724703963,0,0
185391,Piazza LEGA LOMBARDA,Piazza,8,9.180518488488541,45.47784768926715,0,0
185399,Piazza SEMPIONE,Piazza,8,9.172991656690115,45.47530579506353,0,0
185402,Piazza SANTISSIMA TRINITA',Piazza,8,9.177572867379498,45.47886783549725,0,0
185406,Piazza MORSELLI ERCOLE LUIGI,Piazza,8,9.174910348508572,45.47881835228899,0,0
185430,Piazza VOLONTARI (DEI),Piazza,8,9.170022337850241,45.47577059860527,0,0
185442,Piazzale TURR STEFANO,Piazzale,8,9.15261160892798,45.48395700105971,0,0
185446,Piazzale CHIESA DAMIANO,Piazzale,8,9.156171928977,45.484316299421124,0,0
185448,Piazzale CARLO MAGNO,Piazzale,8,9.155940849976963,45.48116200164248,0,0
185453,Piazza FIRENZE,Piazza,8,9.156342883826724,45.487861473268296,0,0
185462,Piazza CANEVA CARLO,Piazza,8,9.161461839153997,45.48774413504377,0,0
185474,Piazza GERUSALEMME,Piazza,8,9.166996154533257,45.48433496819112,0,0
185477,Piazza GRAMSCI ANTONIO,Piazza,8,9.168422826797011,45.48180614808687,0,0
185487,Piazza DIOCLEZIANO,Piazza,8,9.166237083494977,45.4876539464874,0,0
185496,Piazza CORIOLANO,Piazza,8,9.174414861020953,45.48713963581361,0,0
185498,Piazzale CIMITERO MONUMENTALE,Piazzale,8,9.179674364790753,45.484871416498386,0,0
185527,Piazza VILLAPIZZONE,Piazza,8,9.148583896493772,45.50123813591043,0,0
185529,Piazza CASTELLI POMPEO,Piazza,8,9.151053943375345,45.49909566746236,0,0
185545,Piazza PREALPI,Piazza,8,9.153058488221086,45.49472173269271,0,0
185605,Piazzale ACCURSIO FRANCESCO,Piazzale,8,9.146188271190015,45.4927777187335,0,0
185619,Piazzale SANTORRE DI SANTAROSA,Piazzale,8,9.139885828860317,45.500601505005555,0,0
185631,Piazzale LAGHI (AI),Piazzale,8,9.130138729492087,45.500663479427736,0,0
185660,Piazzale CIMITERO MAGGIORE,Piazzale,8,9.12107293988609,45.50323386255566,0,0
185684,Piazza SEI FEBBRAIO,Piazza,8,9.160617552442123,45.477397171547786,0,0
185687,Piazzale GIULIO CESARE,Piazzale,8,9.155519315275289,45.473254810672834,0,0
185689,Piazza AMENDOLA GIOVANNI,Piazza,8,9.151480795603272,45.473616085713076,0,0
185763,Piazza STUPARICH CARLO,Piazza,8,9.14373459416177,45.483174743048124,0,0
185788,Piazza MADONNA DEI POVERI,Piazza,8,9.11290330534137,45.462321017027854,0,0
185805,Piazza PERTINI SANDRO,Piazza,8,9.069886463861655,45.45709864927058,0,0
185807,Piazza CANTONI REMO,Piazza,8,9.179439577102343,45.41804680537744,0,0
185836,Piazzetta CAVAZZI DELLA SOMAGLIA GIAN GIACOMO,Piazzetta,8,9.134409269979702,45.494654423053866,0,0
185839,Piazzale CACCIATORI DELLE ALPI,Piazzale,8,9.136957580194261,45.504660432359636,0,0
185841,Piazza KENNEDY JOHN FITZGERALD,Piazza,8,9.130576059922364,45.49485123165285,0,0
185846,Piazza BONOLA FEDERICO,Piazza,8,9.107160860231296,45.497663768803704,0,0
185880,Piazza MINNITI TITO,Piazza,8,9.188973513534657,45.48768408621836,0,0
185883,Piazzale SEGRINO,Piazzale,8,9.189190552156376,45.4902396082111,0,0
185909,Piazza SCHIAVONE ANDREA,Piazza,8,9.164509133941298,45.49987739239395,0,0
185931,Piazzetta BOSSI MAURILIO,Piazzetta,8,9.187037537307443,45.467704923413294,0,0
185948,Piazza BELGIOIOSO,Piazza,8,9.192385216403364,45.46746239356875,0,0
185963,Piazza NAZARO IN BROLO (SAN),Piazza,8,9.192510055229409,45.45833578688015,0,0
185993,Piazzale MARTIRI DELLA DEPORTAZIONE,Piazzale,8,9.180750867285983,45.52856200356804,0,0
186006,Piazza CALENDARIO (DEL),Piazza,8,9.209688490885583,45.51082590438182,0,0
186007,Piazza DE BIASIO DON BRUNO,Piazza,8,9.177962018035545,45.502619459958034,0,0
186008,Piazza CADUTI E DISPERSI IN RUSSIA,Piazza,8,9.254443064597133,45.48972564256809,0,0
186009,Piazza RISORGIMENTO,Piazza,8,9.210750471980457,45.467866855023026,0,0
186017,Piazza UMANITARIA,Piazza,8,9.200779800461865,45.45825551026532,0,0
186021,Piazza MARIA ADELAIDE DI SAVOIA,Piazza,8,9.214668074938768,45.47286594521799,0,0
186022,Piazzale GORINI PAOLO,Piazzale,8,9.230082872910112,45.47345463043768,0,0
186035,Piazza INSUBRIA,Piazza,8,9.220720306498151,45.4529715967425,0,0
186058,Piazzale MORANDI RODOLFO,Piazzale,8,9.197746224098555,45.47166272453609,0,0
186061,Piazza LEONARDO DA VINCI,Piazza,8,9.226443982418592,45.47766526557363,0,0
186090,Piazzale GOVERNO PROVVISORIO DI LOMBARDIA,Piazzale,8,9.225365213923675,45.49790289980719,0,0
186115,Piazza GOBETTI PIERO,Piazza,8,9.234014818386663,45.48578146513588,0,0
186174,Piazzale TRIPOLI,Piazzale,8,9.148874280701428,45.45907316742015,0,0
186178,Piazza GIOVANNI BATTISTA ALLA CRETA (SAN),Piazza,8,9.121670693046266,45.4549903610786,0,0
186182,Piazza GIOVINE ITALIA,Piazza,8,9.169114307574223,45.46749618137794,0,0
186186,Piazzale BARACCA FRANCESCO,Piazzale,8,9.165210330959999,45.46601721951116,0,0
186200,Piazza GUARDI FRANCESCO,Piazza,8,9.226697927991285,45.470035601831555,0,0
186201,Piazza GEROLAMO (SAN),Piazza,8,9.237129383859617,45.46963944546797,0,0
186228,Piazzale PORTA LODOVICA (DI),Piazzale,8,9.18667665269321,45.45182640583938,0,0
186229,Piazza SRAFFA ANGELO,Piazza,8,9.188123970473066,45.44917625385073,0,0
186240,Piazzale LIBIA,Piazzale,8,9.210146502122466,45.454381151317385,0,0
186245,Piazza ASSUNTA (DELL'),Piazza,8,9.20320875658153,45.43373320598812,0,0
186269,Piazzale MADONNA DI FATIMA,Piazzale,8,9.203951334884973,45.42954154839418,0,0
186271,Piazza AGOSTINO (SANT'),Piazza,8,9.170395153450603,45.45882273318349,1,0
186275,Piazzetta BERIA D'ARGENTINE ADOLFO,Piazzetta,8,9.173734647069947,45.45753263259898,0,0
186332,Piazzale SEGESTA,Piazzale,8,9.137711049454284,45.47596051454249,0,0
186357,Piazzale PORTELLO,Piazzale,8,9.145586363005412,45.49064690459623,0,0
186365,Piazza PIETRO E LINO (SANTI),Piazza,8,9.18194432123613,45.46590654342171,0,0
186367,Piazza STATI UNITI D'AMERICA,Piazza,8,9.194561474785912,45.47579523085401,0,0
186368,Piazza GIOACHIMO (SAN),Piazza,8,9.197343661136658,45.48114192230289,1,1
186383,Piazza BETTINI LIONELLO,Piazza,8,9.133251184851574,45.462830074130316,0,0
186451,Piazzale BAIAMONTI ANTONIO,Piazzale,8,9.18164081570091,45.48235585255493,0,0
186482,Piazzale ARDUINO,Piazzale,8,9.150654775875388,45.4775287943628,0,0
186500,Piazza MARIA NASCENTE (SANTA),Piazza,8,9.13702592136362,45.486126863873395,0,0
186513,Piazza GIOVANNI XXIII,Piazza,8,9.16484446760221,45.475390229464665,0,0
186534,Piazzetta PATTARI,Piazzetta,8,9.193839579588357,45.46468159958432,3,0
186535,Piazza ABBIATEGRASSO,Piazza,8,9.176945437477917,45.43029984254576,0,0
186542,Piazza OCCHIALINI GIUSEPPE DETTO BEPPE,Piazza,8,9.226620272312735,45.47343527172921,0,0
186544,Piazza KAISSERLIAN GIORGIO,Piazza,8,9.196782667568476,45.50677791738503,0,0
186545,Piazzetta MARTIGNONI DON ABRAMO,Piazzetta,8,9.100853061359988,45.50113734314873,0,0
186546,Piazzetta PATRONI D'ITALIA (SANTI),Piazzetta,8,9.134581170903951,45.45571104243653,0,0
186573,Piazza CARNELLI MONSIGNOR PIERO,Piazza,8,9.243796859244531,45.45862945425293,0,0
186574,Piazza CITTA' DI LOMBARDIA,Piazza,8,9.196040686046777,45.48674036649055,0,0
186576,Piazzetta DIFESA PER LE DONNE,Piazzetta,8,9.213058016513443,45.51674341563598,0,0
186589,Piazza BERLINGUER ENRICO,Piazza,8,9.151183404829219,45.449640566785654,0,0
186593,Piazza IRNERIO,Piazza,8,9.153271725773418,45.46105265334246,0,0
186596,Piazza SAFRA EDMOND JACOB,Piazza,8,9.208283933509005,45.48806313910141,0,0
186603,Piazzale CHIESA FABIO,Piazzale,8,9.174839074378133,45.427517623551296,0,0
186604,Piazza AULENTI GAE,Piazza,8,9.189396419872002,45.48350499728355,1,0
186607,Piazzale DONNE PARTIGIANE,Piazzale,8,9.149926024715898,45.432296810639855,0,0
186620,Piazzale DELLA COOPERAZIONE,Piazzale,8,9.110286090163115,45.46930770527477,0,0
186627,Piazza VALLE GINO,Piazza,8,9.147335340192894,45.48562983788809,0,0
186628,Piazza AALTO ALVAR,Piazza,8,9.193241454868712,45.482240128067836,0,0
186630,Piazza BO BARDI LINA,Piazza,8,9.196507213364779,45.48083827966237,0,0
186631,Piazzale MORATTI ANGELO,Piazzale,8,9.121253947089103,45.477831734814586,0,0
186635,Piazza MORANTE ELSA,Piazza,8,9.155749881504926,45.476671884735794,0,0
186646,Piazza TRE TORRI,Piazza,8,9.156590319980237,45.47807651715223,0,0
186647,Piazza BURRI ALBERTO,Piazza,8,9.158066311253139,45.47739655292768,0,0
186659,Piazza BRAMBILLA FRANCO,Piazza,8,9.214759969049563,45.52233611614438,0,0
210272,Piazzetta HO FENG SHAN,Piazzetta,8,9.17290055560604,45.48122489041787,0,0
213362,Piazza PESCE GIOVANNI,Piazza,8,9.103095513803595,45.506315130682744,1,0
220976,Piazza OLIVETTI ADRIANO,Piazza,8,9.204315349435467,45.44327629691544,0,0
230520,Piazzetta LOI EMANUELA E MORVILLO FRANCESCA,Piazzetta,8,9.069087304153092,45.45065494862523,0,0
230555,Piazza VALIANI LEO,Piazza,8,9.218226816812233,45.46800210836541,0,0
230830,Piazza TOMASI DI LAMPEDUSA GIUSEPPE,Piazza,8,9.180577721482244,45.46452637023179,0,0
239273,Piazza COMPASSO D'ORO,Piazza,8,9.17965546107553,45.483559472058616,0,0
241896,Piazza MAGNANI ANNA,Piazza,8,9.242731656497119,45.51392564136469,0,0
241898,Piazzetta ANTONIETTI (DON) SANDRO,Piazzetta,8,9.081716796169786,45.452791082198154,0,0
250904,Piazza MATTARELLA PIERSANTI,Piazza,8,9.190507855315957,45.476894236957804,0,0
251519,Piazzale EXPO 2015,Piazzale,8,9.107373419435367,45.52017888260587,0,0
254968,Piazza MODOTTI TINA,Piazza,8,9.239843970949137,45.43517669861948,0,0
255159,Piazzetta ACQUABELLA,Piazzetta,8,9.232989122973287,45.468133495100716,1,0
256127,Piazza PIVANO FERNANDA,Piazza,8,9.162127754854842,45.44297633530819,0,0
256698,Piazza DUOMO (DEL),Piazza,8,9.189841147891917,45.464212469433264,97,20
260005,"Piazzetta BRIGNONE ""LILLA"" ADELAIDE",Piazzetta,8,9.182281648801004,45.46649484635823,0,0
262930,Piazza ARRIGHETTI ARRIGO,Piazza,8,9.1618351932473,45.431176856501416,0,0
265748,Piazza SAPERI (DEI),Piazza,8,9.090446117973343,45.463063227975724,0,0
299727,Piazzetta DELL'ACQUA ALBA,Piazzetta,8,9.203460740844282,45.463444756800364,0,0
