cell_id,observation_count,mean_easting,mean_northing
5130_50338,1,513003.38271706965,5033874.446781534
5132_50331,2,513284.35448702716,5033121.428441293
5132_50333,1,513267.42125593865,5033302.480205041
5132_50361,1,513238.71664314106,5036101.506298142
5133_50330,1,513392.8868706645,5033070.591283151
5133_50333,1,513304.7589388728,5033371.467530762
5133_50338,1,513330.7684580093,5033845.047641257
5133_50343,1,513335.81419916777,5034392.425932688
5133_50344,1,513347.6970410881,5034422.275970042
5133_50347,3,513335.9390896343,5034757.189589836
5133_50355,1,513332.23686783115,5035593.74340446
5134_50339,1,513414.28462425095,5033977.519382099
5135_50331,1,513535.6207834521,5033122.777169008
5135_50335,1,513591.5943186154,5033512.404877877
5135_50355,2,513588.1703226591,5035545.297158451
5136_50354,1,513680.0974482586,5035469.358084974
5136_50356,1,513637.7895448119,5035629.623329884
5136_50358,1,513652.877556633,5035855.86208919
5137_50353,2,513770.1365185632,5035356.749162022
5137_50354,7,513771.66048309504,5035454.620347926
5137_50355,3,513764.73634899687,5035527.517753251
5137_50356,1,513751.40101843316,5035635.073381395
5138_50335,1,513840.498001917,5033514.2911404995
5138_50349,1,513819.24376852124,5034999.192240779
5138_50351,1,513888.5213393575,5035191.357701005
5138_50352,2,513852.0238633625,5035268.51905259
5138_50353,1,513818.7386514579,5035347.295179503
5138_50354,5,513834.329317035,5035444.886958138
5138_50355,10,513830.1483973029,5035560.209113991
5138_50357,1,513813.42036777793,5035751.49176383
5139_50328,1,513979.2717157617,5032872.967794027
5139_50331,1,513909.3340379654,5033145.369814117
5139_50351,3,513962.00117971847,5035157.046482299
5139_50352,8,513961.7070581873,5035281.060474882
5139_50353,4,513934.41689949937,5035319.044028687
5140_50351,5,514050.49975202756,5035185.434769174
5140_50352,5,514014.6614853243,5035224.478627624
5141_50337,1,514135.32501950394,5033778.199613889
5141_50339,1,514164.0156013484,5033909.3621259155
5141_50349,1,514189.58697529667,5034970.1600591
5141_50350,5,514146.9002504271,5035057.207650243
5141_50351,8,514125.0775035743,5035124.3001128975
5141_50352,8,514140.2676627872,5035241.8700172845
5141_50356,1,514187.9463632097,5035685.205736061
5142_50350,2,514221.2875533832,5035005.922018522
5143_50359,1,514327.44132230565,5035948.439186909
5143_50360,1,514365.734444547,5036055.5683723
5145_50341,1,514576.37492971815,5034156.017986019
5145_50343,1,514577.3315971854,5034312.081193968
5145_50346,2,514540.1564295154,5034676.23528073
5145_50350,1,514517.9292667912,5035046.615971076
5146_50343,1,514636.0315437463,5034388.170287465
5146_50345,1,514679.52666098333,5034584.770138965
5147_50345,16,514793.52648007526,5034544.700224457
5147_50351,1,514725.27685168054,5035120.241368381
5147_50354,1,514734.2135208721,5035452.510810134
5148_50343,1,514839.6250300857,5034379.186594603
5148_50344,5,514850.08709907567,5034489.668490995
5148_50345,80,514836.6307510998,5034544.016233154
5148_50347,1,514857.4094509072,5034780.854316101
5148_50348,3,514854.8022042406,5034853.962858773
5148_50352,1,514841.46780349384,5035292.339002299
5148_50363,1,514871.1518085524,5036324.946854065
5149_50344,3,514950.4672559351,5034451.394635157
5149_50345,7,514936.03945548565,5034560.058001266
5149_50347,2,514940.8327032769,5034780.6767336
5149_50348,1,514903.82081628323,5034848.842555995
5149_50362,1,514971.2867136247,5036284.186762361
5150_50345,7,515036.8333301696,5034546.880411333
5150_50347,1,515045.3228125408,5034785.316478275
5151_50341,1,515191.5467827593,5034185.797244915
5151_50346,2,515166.9942243906,5034643.547336247
5151_50357,1,515152.1496781773,5035737.521193015
5152_50343,1,515256.304915538,5034347.600240636
5153_50343,1,515394.6184211831,5034320.348464243
5153_50362,1,515374.96117143705,5036201.497515731
5154_50331,1,515451.8923605635,5033177.672084808
5154_50356,3,515455.9732223304,5035681.79209319
5154_50357,1,515496.8601066486,5035705.892215092
5154_50361,1,515490.1292623635,5036184.882790667
5154_50364,1,515435.6607753929,5036449.01908186
5155_50353,1,515596.4828326239,5035378.644048048
5155_50356,1,515582.82229265687,5035677.0846828995
5155_50358,1,515572.29667472065,5035875.257755614
5155_50362,1,515510.8554200049,5036204.220410184
5156_50328,1,515662.61905803706,5032890.371785795
5156_50357,1,515663.393223407,5035709.295677503
5156_50358,2,515672.41840485693,5035863.784172131
5157_50356,1,515758.13786166895,5035627.643207403
5158_50354,1,515839.6042504409,5035451.682647714
5159_50361,1,515900.2066057497,5036162.611760726
5160_50357,1,516065.0651972825,5035707.525903503
5162_50359,1,516206.2727793961,5035928.48475725
