square_id,denominazione
001,Piazza AFFARI (DEGLI)
002,Piazza AGOSTINO (SANT')
003,Piazza ALESSANDRO (SANT')
004,Piazza AMBROGIO (SANT')
005,Piazza ANGELO (SANT')
006,Piazza ARCOLE
007,Piazza BABILA (SAN)
008,Piazza BECCARIA CESARE
009,Piazza BELGIOIOSO
010,Piazza BERTARELLI LUIGI VITTORIO
011,Piazza BO BARDI LINA
012,Piazza BORROMEO
013,Piazza BUOZZI BRUNO
014,Piazza CARLO (SAN)
015,Piazza CARMINE (DEL)
016,Piazza CARO TITO LUCREZIO
017,Piazza CASTELLO
018,Piazza CAVOUR
019,Piazza CINCINNATO
020,Piazza CINQUE GIORNATE
021,Piazza CONCILIAZIONE
022,Piazza CORDUSIO
023,Piazza DIAZ ARMANDO
024,Piazza DUOMO (DEL)
025,Piazza DUSE ELEONORA
026,Piazza EDISON TOMMASO
027,Piazza ERASMO (SANT')
028,Piazza ERCULEA
029,Piazza EUFEMIA (SANT')
030,Piazza EUSTORGIO (SANT')
031,Piazza FEDELE (SAN)
032,Piazza FERRARI ANDREA CARDINALE
033,Piazza FERRARI PAOLO
034,Piazza FILANGIERI GAETANO
035,Piazza FONTANA
036,Piazza FRANCESCA ROMANA (SANTA)
037,Piazza GIOACHIMO (SAN)
038,Piazza GIORGIO (SAN)
039,Piazza GIOVINE ITALIA
040,Piazza GRAMSCI ANTONIO
041,Piazza LEGA LOMBARDA
042,Piazza LIBERTY (DEL)
043,Piazza MARCO (SAN)
044,Piazza MARIA BELTRADE (SANTA)
045,Piazza MARIA DELLE GRAZIE (SANTA)
046,Piazza MASSAIA GUGLIELMO
047,Piazza MATTARELLA PIERSANTI
048,Piazza MEDA FILIPPO
049,Piazza MENTANA
050,Piazza MERCANTI (DEI)
051,Piazza MIRABELLO CARLO
052,Piazza MISSORI GIUSEPPE
053,Piazza MONDADORI ARNOLDO
054,Piazza MORSELLI ERCOLE LUIGI
055,Piazza NAZARO IN BROLO (SAN)
056,Piazza OBERDAN GUGLIELMO
057,Piazza PAOLO VI
058,Piazza PIETRO E LINO (SANTI)
059,Piazza PIETRO IN GESSATE (SAN)
060,Piazza PIO XI
061,Piazza QUASIMODO SALVATORE
062,Piazza REPUBBLICA (DELLA)
063,Piazza RESISTENZA PARTIGIANA
064,Piazza SANTISSIMA TRINITA'
065,Piazza SCALA (DELLA)
066,Piazza SEMPIONE
067,Piazza SEPOLCRO (SAN)
068,Piazza SIMPLICIANO (SAN)
069,Piazza SRAFFA ANGELO
070,Piazza STATI UNITI D'AMERICA
071,Piazza STEFANO (SANTO)
072,Piazza TOMASI DI LAMPEDUSA GIUSEPPE
073,Piazza TOMMASEO NICCOLO'
074,Piazza TRICOLORE (DEL)
075,Piazza UMANITARIA
076,Piazza VELASCA
077,Piazza VENINO
078,Piazza VENTICINQUE APRILE
079,Piazza VENTIQUATTRO MAGGIO
080,Piazza VETRA
081,Piazza VIRGILIO
082,Piazza VOLONTARI (DEI)
083,Piazzale BARACCA FRANCESCO
084,Piazzale BIANCAMANO
085,Piazzale CADORNA LUIGI
086,Piazzale CANTORE ANTONIO
087,Piazzale MARENGO
088,Piazzale MEDAGLIE D'ORO
089,Piazzale MORANDI RODOLFO
090,Piazzale PORTA LODOVICA (DI)
091,Piazzale PRINCIPESSA CLOTILDE
092,Piazzale STAZIONE DI PORTA GENOVA
093,Piazzetta BERIA D'ARGENTINE ADOLFO
094,Piazzetta BOSSI MAURILIO
095,Piazzetta BRERA (DI)
096,"Piazzetta BRIGNONE ""LILLA"" ADELAIDE"
097,Piazzetta CUCCIA ENRICO
098,Piazzetta DELL'ACQUA ALBA
099,Piazzetta DELL'AMORE GIORDANO
100,Piazzetta ESCRIVA' JOSEMARIA (SAN)
101,Piazzetta GIORDANO UMBERTO
102,Piazzetta HO FENG SHAN
103,Piazzetta PATTARI
