observation_id,scientific_name,observed_on,latitude,longitude,positional_accuracy_m,quality_grade,captive_cultivated,geoprivacy,coordinates_obscured,observer_login,license,observation_url
410649,Columba livia domestica,2013-09-15,45.464227,9.189271,26,research,False,,False,muir,cc-by,http://www.inaturalist.org/observations/410649
1431048,Columba livia,2015-04-27,45.500808,9.253814,,casual,False,,False,emilianomori,cc-by-nc,http://www.inaturalist.org/observations/1431048
2432873,Columba livia domestica,2015-10-06,45.464,9.0959,,casual,False,,False,nicolagilio,cc-by-nc,http://www.inaturalist.org/observations/2432873
2730571,Columba livia domestica,2016-02-28,45.45119,9.057519,93,casual,False,,False,nicolagilio,cc-by-nc,http://www.inaturalist.org/observations/2730571
3441741,Columba livia domestica,2016-06-12,45.49930861,9.25195945,74,casual,False,,False,maurizio-valota,cc0,http://www.inaturalist.org/observations/3441741
4138065,Columba livia domestica,2016-09-18,45.50084743,9.25232907,10,casual,False,,False,maurizio-valota,cc0,http://www.inaturalist.org/observations/4138065
4138066,Columba livia domestica,2016-09-18,45.500735835,9.2520973815,8,casual,False,,False,geoclaudia,cc-by-nc,http://www.inaturalist.org/observations/4138066
4140992,Columba livia domestica,2016-09-18,45.4947304,9.2111801,50,casual,False,,False,maurizio-valota,cc0,http://www.inaturalist.org/observations/4140992
4406328,Columba livia domestica,2016-10-21,45.5239083118,9.2045943184,6,research,False,,False,pirilloalberto,cc-by-nc,http://www.inaturalist.org/observations/4406328
7176012,Columba livia domestica,2017-07-23,45.4642145243,9.1929312609,10,research,False,,False,thunefeld,cc-by-nc,https://www.inaturalist.org/observations/7176012
7176023,Columba livia domestica,2017-07-23,45.4694543872,9.1883773729,30,research,False,,False,thunefeld,cc-by-nc,https://www.inaturalist.org/observations/7176023
7214724,Columba livia domestica,2017-07-26,45.4640755523,9.1894525196,10,research,False,,False,thunefeld,cc-by-nc,https://www.inaturalist.org/observations/7214724
7215589,Columba livia domestica,2017-07-26,45.4621831282,9.1864607669,,research,False,,False,thunefeld,cc-by-nc,https://www.inaturalist.org/observations/7215589
8575369,Columba livia domestica,2012-12-02,45.4640976,9.1919265,369,research,False,,False,achang,cc-by-sa,https://www.inaturalist.org/observations/8575369
9231953,Columba livia domestica,2017-12-22,45.4660866667,9.1705533333,8,research,False,,False,simons6birding,,https://www.inaturalist.org/observations/9231953
9249314,Columba livia domestica,2017-12-24,45.490486,9.083126,2,research,False,,False,nicolagilio,cc-by-nc,https://www.inaturalist.org/observations/9249314
10588128,Columba livia domestica,2018-04-03,45.4933676,9.1499109,24,research,False,,False,nicolagilio,cc-by-nc,https://www.inaturalist.org/observations/10588128
12646237,Columba livia domestica,2018-05-20,45.5267212,9.1919542,9,casual,False,,False,mrgls,cc-by-nc,https://www.inaturalist.org/observations/12646237
12767775,Columba livia domestica,2014-10-10,45.4720981,9.1772243,302,research,False,,False,alexmtt,cc-by-nc-sa,https://www.inaturalist.org/observations/12767775
17813827,Columba livia domestica,2018-02-15,45.4642116667,9.1894633333,10,research,False,,False,savvyslays,cc-by-nc,https://www.inaturalist.org/observations/17813827
18257010,Columba livia domestica,2018-03-03,45.4964033333,9.1530971667,65,research,False,,False,silvia179,,https://www.inaturalist.org/observations/18257010
19154587,Columba livia domestica,2018-12-22,45.4629311423,9.1705825925,9,research,False,,False,windarproject,cc-by-nc,https://www.inaturalist.org/observations/19154587
19154985,Columba livia domestica,2018-12-22,45.4644396274,9.1900037974,9,research,False,,False,windarproject,cc-by-nc,https://www.inaturalist.org/observations/19154985
19489255,Columba livia domestica,2019-01-07,45.5118980408,9.2086992264,,research,False,,False,corradof,,https://www.inaturalist.org/observations/19489255
24223460,Columba livia domestica,2019-04-28,45.450015,9.209835,,casual,False,,False,marcolongo,cc-by-nc,https://www.inaturalist.org/observations/24223460
26103790,Columba livia domestica,2019-05-31,45.4924381,9.2268534,609,research,False,,False,omarreda,,https://www.inaturalist.org/observations/26103790
26109261,Columba livia domestica,2019-05-19,45.46408,9.1901133333,9,research,False,,False,ngerlach,,https://www.inaturalist.org/observations/26109261
29409778,Columba livia domestica,2019-07-23,45.4519533333,9.1976116667,10,research,False,,False,geodani,cc-by-nc,https://www.inaturalist.org/observations/29409778
30912191,Columba livia domestica,2017-10-20,45.4641083333,9.18928,5,research,False,,False,tvbseb,,https://www.inaturalist.org/observations/30912191
32688842,Columba livia domestica,2019-08-13,45.4703549,9.18159576,4,research,False,,False,davideanzillotti,,https://www.inaturalist.org/observations/32688842
32791565,Columba livia domestica,2019-09-15,45.5236829321,9.1888800157,1350,casual,False,,False,mrgls,cc-by-nc,https://www.inaturalist.org/observations/32791565
33648555,Columba livia domestica,2019-09-28,45.47068,9.178805,200,research,False,,False,edward_goyle,cc-by-nc,https://www.inaturalist.org/observations/33648555
34928649,Columba livia domestica,,45.4884796417,9.2059642822,263,casual,False,,False,birdcurious,cc-by-nc,https://www.inaturalist.org/observations/34928649
37021647,Columba livia domestica,2012-10-07,45.4655350813,9.1860504028,8,research,False,,False,jqod,cc-by-nc,https://www.inaturalist.org/observations/37021647
37200020,Columba livia domestica,2020-01-02,45.4678566647,9.0976601274,746,research,False,,False,alexandrosquartarone,,https://www.inaturalist.org/observations/37200020
39276336,Columba livia domestica,2020-02-27,45.4260714795,9.1398516856,1379,research,False,,False,alexandrosquartarone,,https://www.inaturalist.org/observations/39276336
42008746,Columba livia domestica,2020-04-09,45.4373609,9.154683,1132,research,False,,False,alexandrosquartarone,,https://www.inaturalist.org/observations/42008746
42876605,Columba livia domestica,2020-04-22,45.4373609,9.154683,1132,research,False,,False,alexandrosquartarone,,https://www.inaturalist.org/observations/42876605
42916134,Columba livia domestica,2020-04-11,45.47103833,9.22683333,65,research,False,,False,jinjiayu,cc-by-nc,https://www.inaturalist.org/observations/42916134
44266829,Columba livia domestica,2020-04-29,45.4373609,9.154683,1132,research,False,,False,alexandrosquartarone,,https://www.inaturalist.org/observations/44266829
44915520,Columba livia domestica,2020-05-04,45.4678959211,9.0982447137,757,research,False,,False,alexandrosquartarone,,https://www.inaturalist.org/observations/44915520
45857098,Columba livia domestica,2020-05-14,45.4942436059,9.222687857,65,research,False,,False,valentinabrambi,cc-by-nc,https://www.inaturalist.org/observations/45857098
46078649,Columba livia domestica,2020-05-16,45.5211105344,9.1839370725,,research,False,,False,bulgarelligiorgiastudente,,https://www.inaturalist.org/observations/46078649
46210996,Columba livia domestica,2020-05-17,45.4946516172,9.2110497504,22,research,False,,False,maurizio-valota,cc0,https://www.inaturalist.org/observations/46210996
49561662,Columba livia domestica,2020-06-14,45.4307022017,9.1714124972,19,research,False,,False,philodendronjoe,cc-by-nc,https://www.inaturalist.org/observations/49561662
50749517,Columba livia domestica,2020-06-24,45.509875,9.18838333,23,research,False,,False,benedettadini,,https://www.inaturalist.org/observations/50749517
52025930,Columba livia domestica,2020-07-05,45.5111455941,9.2304669686,64,research,False,,False,baron81,,https://www.inaturalist.org/observations/52025930
53485695,Columba livia domestica,2020-07-18,45.46930833,9.18067167,8,research,False,,False,tommaso_roncelli,,https://www.inaturalist.org/observations/53485695
56912540,Columba livia domestica,2020-08-19,45.4799259722,9.19156,,research,False,,False,astron1,,https://www.inaturalist.org/observations/56912540
57587618,Columba livia domestica,2020-08-22,45.5234422733,9.1923978025,519,research,False,,False,mrgls,cc-by-nc,https://www.inaturalist.org/observations/57587618
58014898,Columba livia domestica,2020-08-30,45.4401345843,9.1597317159,33,research,False,,False,micheleforza,,https://www.inaturalist.org/observations/58014898
59020617,Columba livia domestica,2013-08-25,45.4641758101,9.1892873463,8,research,False,,False,gizz,cc-by-nc,https://www.inaturalist.org/observations/59020617
59315094,Columba livia domestica,2020-09-12,45.5284373614,9.1959884118,31,research,False,,False,mrgls,cc-by-nc,https://www.inaturalist.org/observations/59315094
59563746,Columba livia domestica,2020-09-14,45.5283736407,9.1957666032,31,research,False,,False,mrgls,cc-by-nc,https://www.inaturalist.org/observations/59563746
60251260,Columba livia domestica,2020-09-08,45.455005,9.17383,25,research,False,,False,miriamzaramel,cc-by-nc,https://www.inaturalist.org/observations/60251260
63236301,Columba livia domestica,2008-05-14,45.4642083333,9.1903583333,,research,False,,False,dms215,cc-by-nc,https://www.inaturalist.org/observations/63236301
63247533,Columba livia domestica,2020-10-21,45.5159,9.21155,10,research,False,,False,onlylele,cc-by-nc,https://www.inaturalist.org/observations/63247533
65874370,Columba livia domestica,2007-04-22,45.4841434089,9.192327581,375,research,False,,False,yvesbas,cc-by,https://www.inaturalist.org/observations/65874370
66133511,Columba livia domestica,2020-12-05,45.4648744116,9.193614386,27,research,False,,False,lorenzoalbertobignami,cc-by-nc-nd,https://www.inaturalist.org/observations/66133511
67615157,Columba livia domestica,2021-01-05,45.5251190172,9.1886427371,31,research,False,,False,mrgls,cc-by-nc,https://www.inaturalist.org/observations/67615157
67911991,Columba livia domestica,2019-04-28,45.4642498885,9.1892775499,15,research,False,,False,sylb,,https://www.inaturalist.org/observations/67911991
69256304,Columba livia,2021-02-08,45.471795,9.1452111667,27,research,False,,False,pavlaki1968,cc-by,https://www.inaturalist.org/observations/69256304
72198313,Columba livia domestica,2021-03-27,45.5237877282,9.1888360206,904,research,False,,False,mrgls,cc-by-nc,https://www.inaturalist.org/observations/72198313
77784916,Columba livia domestica,2021-05-02,45.4944569754,9.1974021909,687,research,False,,False,setnaforse,,https://www.inaturalist.org/observations/77784916
79442261,Columba livia domestica,2021-05-19,45.4721211055,9.1772240773,1133,research,False,,False,thelonelydodo,,https://www.inaturalist.org/observations/79442261
79442664,Columba livia domestica,2021-05-19,45.4637047897,9.1904741898,183,research,False,,False,thelonelydodo,,https://www.inaturalist.org/observations/79442664
79972912,Columba livia domestica,2021-05-23,45.5258625335,9.1918402155,700,research,False,,False,mrgls,cc-by-nc,https://www.inaturalist.org/observations/79972912
81555560,Columba livia domestica,2021-04-30,45.4335860797,9.2383633554,26,research,False,,False,lorenzoalbertobignami,cc-by-nc-nd,https://www.inaturalist.org/observations/81555560
85620368,Columba livia domestica,2021-07-04,45.47399902,9.20160675,1414,research,False,,False,gianluca_pizzullo,,https://www.inaturalist.org/observations/85620368
90636843,Columba livia domestica,2021-08-10,45.4735762,9.1773324,128,research,False,,False,tiziano_panichelli,,https://www.inaturalist.org/observations/90636843
93140379,Columba livia domestica,2021-07-10,45.4805126567,9.225304015,5,research,False,,False,lorenzoalbertobignami,cc-by-nc-nd,https://www.inaturalist.org/observations/93140379
93473414,Columba livia domestica,2021-07-17,45.4807263436,9.2301829532,5,research,False,,False,lorenzoalbertobignami,cc-by-nc-nd,https://www.inaturalist.org/observations/93473414
93588657,Columba livia domestica,2021-09-04,45.4591407776,9.250128746,17,research,False,,False,giorgiocamilletti,,https://www.inaturalist.org/observations/93588657
93830351,Columba livia domestica,2021-07-24,45.4829329829,9.230125621,4,research,False,,False,lorenzoalbertobignami,cc-by-nc-nd,https://www.inaturalist.org/observations/93830351
93844247,Columba livia domestica,2021-07-25,45.4771093085,9.2307532579,4,research,False,,False,lorenzoalbertobignami,cc-by-nc-nd,https://www.inaturalist.org/observations/93844247
94222869,Columba livia domestica,2021-09-08,45.4554290771,9.2450885773,699,research,False,,False,giorgiocamilletti,,https://www.inaturalist.org/observations/94222869
95402844,Columba livia domestica,2021-09-19,45.480682373,9.2247467041,35,research,False,,False,feralucha,cc-by-nc,https://www.inaturalist.org/observations/95402844
96353022,Columba livia domestica,2021-09-27,45.472618103,9.1750164032,65,research,False,,False,gust1966,cc-by-nc,https://www.inaturalist.org/observations/96353022
97776939,Columba livia domestica,2021-10-10,45.5246297483,9.1882352864,700,research,False,,False,mrgls,cc-by-nc,https://www.inaturalist.org/observations/97776939
97776954,Columba livia domestica,2021-10-10,45.5246297483,9.1882352864,700,research,False,,False,mrgls,cc-by-nc,https://www.inaturalist.org/observations/97776954
99226952,Columba livia domestica,2021-10-22,45.4855555556,9.2358333333,,research,False,,False,giorgiobovolini,cc-by-nc,https://www.inaturalist.org/observations/99226952
101353487,Columba livia domestica,2021-11-16,45.5254416164,9.1890502329,800,research,False,,False,mrgls,cc-by-nc,https://www.inaturalist.org/observations/101353487
102020393,Columba livia domestica,2016-08-22,45.4642248,9.1899452137,61,research,False,,False,przese,cc0,https://www.inaturalist.org/observations/102020393
103415454,Columba livia domestica,2021-12-20,45.4592934695,9.1060202124,490,research,False,,False,gabriele_lagrasta,cc-by-nc,https://www.inaturalist.org/observations/103415454
107022067,Columba livia domestica,2022-02-17,45.445622224,9.1270719819,4,casual,False,,False,biopaul,cc-by-nc,https://www.inaturalist.org/observations/107022067
107661217,Columba livia domestica,2022-02-28,45.4643216667,9.1899333333,16,research,False,,False,tjsmoot24,cc-by-nc,https://www.inaturalist.org/observations/107661217
108324692,Columba livia domestica,2022-03-09,45.4653883333,9.1859416667,15,research,False,,False,catiemac,,https://www.inaturalist.org/observations/108324692
108454860,Columba livia domestica,2022-03-12,45.4735171174,9.1768961169,8,research,False,,False,philodendronjoe,cc-by-nc,https://www.inaturalist.org/observations/108454860
108493960,Columba livia domestica,2022-03-13,45.4887098,9.2297888,12,research,False,,False,zeno9,,https://www.inaturalist.org/observations/108493960
109458497,Columba livia domestica,2022-03-25,45.48545074,9.1871128,1414,research,False,,False,elfaron21,,https://www.inaturalist.org/observations/109458497
112814414,Columba livia domestica,2022-04-25,45.4620737974,9.1012355168,6,casual,False,,False,biopaul,cc-by-nc,https://www.inaturalist.org/observations/112814414
116052383,Columba livia domestica,2022-05-08,45.4638938497,9.1902917996,8,research,False,,False,tarmand,cc-by-nc,https://www.inaturalist.org/observations/116052383
117309870,Columba livia domestica,2022-05-16,45.4730695493,9.159533903,11,research,False,,False,tommaso420,,https://www.inaturalist.org/observations/117309870
117842684,Columba livia domestica,2022-05-20,45.5245862265,9.1881923867,500,research,False,,False,mrgls,cc-by-nc,https://www.inaturalist.org/observations/117842684
117984547,Columba livia domestica,2022-05-21,45.4580042,9.1705032,15,research,False,,False,tommaso420,,https://www.inaturalist.org/observations/117984547
123219246,Columba livia domestica,2022-06-24,45.4708862305,9.1787500381,17,research,False,,False,buckeye_chestnut,cc-by-nc,https://www.inaturalist.org/observations/123219246
123219857,Columba livia domestica,2022-06-24,45.4641227722,9.1903743744,19,research,False,,False,buckeye_chestnut,cc-by-nc,https://www.inaturalist.org/observations/123219857
123720689,Columba livia domestica,2022-06-27,45.4645681907,9.1898859703,30,research,False,,False,george757,,https://www.inaturalist.org/observations/123720689
123720737,Columba livia domestica,2022-06-27,45.4645386468,9.1898403803,9,research,False,,False,george757,,https://www.inaturalist.org/observations/123720737
125588430,Columba livia domestica,2022-07-10,45.5298829997,9.0989973,,research,False,,False,nicolagilio,cc-by-nc,https://www.inaturalist.org/observations/125588430
129647476,Columba livia domestica,2022-08-06,45.4550170898,9.1770133972,16,research,False,,False,eric_de_combarieu,,https://www.inaturalist.org/observations/129647476
130761221,Columba livia domestica,2020-04-20,45.4573262846,9.1592335056,183,research,False,,False,ritou,cc-by-nc,https://www.inaturalist.org/observations/130761221
138598488,Columba livia domestica,2022-10-13,45.5068835738,9.2656635493,49,research,False,,False,andyjager,,https://www.inaturalist.org/observations/138598488
141359904,Columba livia domestica,2022-11-07,45.4511040492,9.1236942062,8,casual,False,,False,biopaul,cc-by-nc,https://www.inaturalist.org/observations/141359904
141575363,Columba livia domestica,2017-09-06,45.4726966667,9.1763116667,,research,False,,False,cicciocostarica,cc-by-nc,https://www.inaturalist.org/observations/141575363
141575456,Columba livia domestica,2017-09-06,45.464425,9.1893333333,,research,False,,False,cicciocostarica,cc-by-nc,https://www.inaturalist.org/observations/141575456
143184756,Columba livia domestica,2022-11-28,45.4734581857,9.1739098728,1492,research,False,,False,giovacb,,https://www.inaturalist.org/observations/143184756
143553224,Columba livia domestica,2022-11-29,45.4839155643,9.2512530461,2509,research,False,,False,notacommondolphin,,https://www.inaturalist.org/observations/143553224
144150309,Columba livia domestica,2022-12-11,45.4493123619,9.1246266086,35,casual,False,,False,biopaul,cc-by-nc,https://www.inaturalist.org/observations/144150309
144955128,Columba livia domestica,2022-07-15,45.466862,9.190099,611,research,False,,False,vmoser,cc-by,https://www.inaturalist.org/observations/144955128
145837878,Columba livia domestica,2023-01-04,45.475155,9.17673,2000,research,False,,False,snakebird15,cc-by-nc,https://www.inaturalist.org/observations/145837878
145897045,Columba livia domestica,2023-01-03,45.4707242431,9.1806468376,8,research,False,,False,filippoceccolini,cc-by-nc,https://www.inaturalist.org/observations/145897045
146057103,Columba livia domestica,2022-12-30,45.4693517876,9.1808649795,8,research,False,,False,samuele2010,cc-by-nc,https://www.inaturalist.org/observations/146057103
147014967,Columba livia domestica,2022-05-30,45.4766966667,9.20735,35,research,False,,False,papaverazzi,cc-by-nc,https://www.inaturalist.org/observations/147014967
147387114,Columba livia domestica,2023-01-26,45.4839155643,9.2512530461,2509,research,False,,False,notacommondolphin,,https://www.inaturalist.org/observations/147387114
150899853,Columba livia,2023-03-12,45.4534025197,9.1218489433,24,casual,False,,False,biopaul,cc-by-nc,https://www.inaturalist.org/observations/150899853
151914064,Columba livia domestica,2023-03-22,45.4840250267,9.1904191207,13,research,False,,False,alessandro_donvito11,cc-by-nc,https://www.inaturalist.org/observations/151914064
152016221,Columba livia domestica,2023-03-23,45.4524862733,9.1390115459,24,casual,False,,False,biopaul,cc-by-nc,https://www.inaturalist.org/observations/152016221
152072469,Columba livia domestica,2023-03-23,45.4642016412,9.1898280351,23,research,False,,False,cyrusli,cc-by-nc,https://www.inaturalist.org/observations/152072469
152386358,Columba livia domestica,,45.46444,9.1891833333,,casual,False,,False,s0865168x,cc-by-nc,https://www.inaturalist.org/observations/152386358
152478989,Columba livia,,45.46444,9.1891833333,,casual,False,,False,s0865168x,cc-by-nc,https://www.inaturalist.org/observations/152478989
153443902,Columba livia domestica,2023-04-04,45.4682886093,9.1607744247,179,research,False,,False,notacommondolphin,,https://www.inaturalist.org/observations/153443902
153734799,Columba livia domestica,2023-03-17,45.471245,9.2236166667,35,research,False,,False,gravastar,,https://www.inaturalist.org/observations/153734799
155909913,Columba livia domestica,2023-04-14,45.468788549,9.1023187033,122,research,False,,False,wagnersouzalvim,cc-by-nc,https://www.inaturalist.org/observations/155909913
156198395,Columba livia domestica,2023-04-22,45.4571933104,9.2563802567,83,research,False,,False,diogopalito,cc-by-nc,https://www.inaturalist.org/observations/156198395
156862144,Columba livia domestica,2018-02-20,45.4664328575,9.1924613709,34,casual,False,,False,gianlucacic92,cc-by-nc,https://www.inaturalist.org/observations/156862144
160272463,Columba livia domestica,2023-05-07,45.4845666667,9.2034216667,7,research,False,,False,treepublican,cc-by,https://www.inaturalist.org/observations/160272463
160272929,Columba livia domestica,2023-05-07,45.48455,9.2034916667,4,research,False,,False,treepublican,cc-by,https://www.inaturalist.org/observations/160272929
160442380,Columba livia domestica,2023-05-08,45.4514989825,9.173103399,186,research,False,,False,andrescarranza,cc-by-nc,https://www.inaturalist.org/observations/160442380
161203565,Columba livia domestica,2023-05-12,45.5245622708,9.1882862684,700,research,False,,False,mrgls,cc-by-nc,https://www.inaturalist.org/observations/161203565
161610644,Columba livia domestica,2023-05-14,45.450487498,9.1404748819,35,casual,False,,False,biopaul,cc-by-nc,https://www.inaturalist.org/observations/161610644
162001714,Columba livia domestica,2023-05-16,45.4530769447,9.1350207757,5,research,False,,False,simone846,,https://www.inaturalist.org/observations/162001714
163725057,Columba livia domestica,2023-04-15,45.4642195255,9.189642036,8,research,False,,False,antonb09,cc-by-nc,https://www.inaturalist.org/observations/163725057
163725061,Columba livia domestica,2023-04-15,45.4642131217,9.1892625035,2,research,False,,False,antonb09,cc-by-nc,https://www.inaturalist.org/observations/163725061
164059731,Columba livia domestica,2023-05-27,45.46408,9.189555,32,research,False,,False,bjlmt,,https://www.inaturalist.org/observations/164059731
164770083,Columba livia domestica,2023-05-30,45.4901083333,9.1265916667,25,research,False,,False,jackthropod,cc-by,https://www.inaturalist.org/observations/164770083
167079884,Columba livia domestica,2022-06-18,45.4265935035,9.1819115728,40,research,False,,False,lorenzoquattrini,,https://www.inaturalist.org/observations/167079884
167848821,Columba livia domestica,2023-06-16,45.459195,9.171575,10,research,False,,False,giorgiazacco_srg,cc-by-nc,https://www.inaturalist.org/observations/167848821
168079858,Columba livia domestica,2023-06-18,45.4893704598,9.2059485242,473,research,False,,False,buglux,cc-by-nc,https://www.inaturalist.org/observations/168079858
173663213,Columba livia domestica,2023-07-18,45.4705055556,9.1808083333,,research,False,,False,adamstinks,cc-by-nc,https://www.inaturalist.org/observations/173663213
173739269,Columba livia domestica,2023-07-19,45.4489797028,9.2145271506,19,research,False,,False,lorenzomercanti,cc-by-nc,https://www.inaturalist.org/observations/173739269
176333409,Columba livia domestica,2023-07-29,45.4664432988,9.1705289439,356,research,False,,False,lexirussell,cc-by-nc,https://www.inaturalist.org/observations/176333409
179347426,Columba livia domestica,2023-08-20,45.4875,9.2039133333,2000,research,False,,False,nuh_cheema,cc-by-nc,https://www.inaturalist.org/observations/179347426
179374545,Columba livia domestica,2023-08-20,45.4645916667,9.1906,2000,research,False,,False,nuh_cheema,cc-by-nc,https://www.inaturalist.org/observations/179374545
179387146,Columba livia domestica,2023-08-20,45.4640403781,9.190347385,42,research,False,,False,nuh_cheema,cc-by-nc,https://www.inaturalist.org/observations/179387146
179483663,Columba livia domestica,2023-08-21,45.5064956379,9.1032775864,9,research,False,,False,teresapato,cc-by-nc,https://www.inaturalist.org/observations/179483663
180094571,Columba livia domestica,2023-08-24,45.4514616667,9.1700583333,2000,research,False,,False,nuh_cheema,cc-by-nc,https://www.inaturalist.org/observations/180094571
180094873,Columba livia domestica,2023-08-24,45.4515216667,9.1697216667,2000,research,False,,False,nuh_cheema,cc-by-nc,https://www.inaturalist.org/observations/180094873
182326213,Columba livia domestica,2017-08-09,45.4631464507,9.1917711314,167,research,False,,False,ulanna,cc-by-nc,https://www.inaturalist.org/observations/182326213
185263591,Columba livia domestica,2023-09-28,45.52119063,9.10780283,4,research,False,,False,dome66,cc-by-nc,https://www.inaturalist.org/observations/185263591
185972134,Columba livia domestica,2023-09-02,45.4850716667,9.202975,,research,False,,False,radinis,cc-by-nc,https://www.inaturalist.org/observations/185972134
185972155,Columba livia domestica,2023-09-02,45.480295,9.19028,,research,False,,False,radinis,cc-by-nc,https://www.inaturalist.org/observations/185972155
186229425,Columba livia domestica,2023-09-02,45.4684466667,9.1817583333,,research,False,,False,radinis,cc-by-nc,https://www.inaturalist.org/observations/186229425
186229426,Columba livia domestica,2023-09-02,45.463885,9.1897066667,,research,False,,False,radinis,cc-by-nc,https://www.inaturalist.org/observations/186229426
186434120,Columba livia domestica,2023-09-03,45.474485,9.198035,,research,False,,False,radinis,cc-by-nc,https://www.inaturalist.org/observations/186434120
186434121,Columba livia domestica,2023-09-03,45.472445,9.1885016667,,research,False,,False,radinis,cc-by-nc,https://www.inaturalist.org/observations/186434121
186434129,Columba livia domestica,2023-09-03,45.467435,9.18983,,research,False,,False,radinis,cc-by-nc,https://www.inaturalist.org/observations/186434129
186861213,Columba livia domestica,2023-09-04,45.464216404,9.1899921162,27,research,False,,False,radinis,cc-by-nc,https://www.inaturalist.org/observations/186861213
186861216,Columba livia domestica,2023-09-04,45.464515,9.1911366667,,research,False,,False,radinis,cc-by-nc,https://www.inaturalist.org/observations/186861216
187356121,Columba livia domestica,2023-10-13,45.5086999326,9.1871929168,35,research,False,,False,paolacarla,cc-by-nc,https://www.inaturalist.org/observations/187356121
187570057,Columba livia domestica,2023-10-12,45.4645472222,9.1893055556,,research,False,,False,dfc_msingir,cc-by,https://www.inaturalist.org/observations/187570057
188521459,Columba livia domestica,2022-08-01,45.4641,9.1894,,research,False,,False,jmkent,cc-by-nc,https://www.inaturalist.org/observations/188521459
191122080,Columba livia domestica,2019-09-24,45.4681145802,9.181520104,15,research,False,,False,slavinator,,https://www.inaturalist.org/observations/191122080
191206878,Columba livia domestica,2023-11-11,45.4647689,9.1896097,,research,False,,False,jeepnjim,cc-by-nc,https://www.inaturalist.org/observations/191206878
194538160,Columba livia domestica,2023-12-03,45.4727138889,9.1763722222,,research,False,,False,don-jean,cc-by-nc,https://www.inaturalist.org/observations/194538160
194629020,Columba livia domestica,2013-01-02,45.4642553266,9.1897658694,79,research,False,,False,brunohemerly,cc-by-nc,https://www.inaturalist.org/observations/194629020
194629144,Columba livia domestica,2013-01-03,45.4741083275,9.1759332626,627,research,False,,False,brunohemerly,cc-by-nc,https://www.inaturalist.org/observations/194629144
195013658,Columba livia domestica,2015-03-29,45.4856872549,9.2025069789,277,research,False,,False,cigazze,cc-by,https://www.inaturalist.org/observations/195013658
195976951,Columba livia domestica,2023-10-06,45.4844919414,9.1873772442,322,research,False,,False,tacchino,,https://www.inaturalist.org/observations/195976951
196301351,Columba livia domestica,2017-08-22,45.4644444444,9.1902777778,,research,False,,False,luukieluuk,cc-by-nc,https://www.inaturalist.org/observations/196301351
196301422,Columba livia domestica,2017-08-22,45.4641666667,9.1902777778,,research,False,,False,luukieluuk,cc-by-nc,https://www.inaturalist.org/observations/196301422
196301434,Columba livia domestica,2017-08-22,45.4644444444,9.1902777778,,research,False,,False,luukieluuk,cc-by-nc,https://www.inaturalist.org/observations/196301434
196301456,Columba livia domestica,2017-08-22,45.4644444444,9.1902777778,,research,False,,False,luukieluuk,cc-by-nc,https://www.inaturalist.org/observations/196301456
196550194,Columba livia domestica,2010-05-17,45.4642759174,9.1894999018,108,research,False,,False,leonardomercon,cc-by-nc,https://www.inaturalist.org/observations/196550194
196990446,Columba livia domestica,2024-01-15,45.4683297508,9.2456159997,1354,research,False,,False,notacommondolphin,,https://www.inaturalist.org/observations/196990446
196990447,Columba livia domestica,2024-01-10,45.4699845,9.2467318,1207,research,False,,False,notacommondolphin,,https://www.inaturalist.org/observations/196990447
197325002,Columba livia domestica,2024-01-22,45.4838633798,9.2512530461,2509,research,False,,False,notacommondolphin,,https://www.inaturalist.org/observations/197325002
197325081,Columba livia domestica,2024-01-22,45.4838633798,9.2512530461,2509,research,False,,False,notacommondolphin,,https://www.inaturalist.org/observations/197325081
197872908,Columba livia domestica,2022-05-10,45.4641083333,9.1894366667,14,research,False,,False,taylor_justason,cc-by-nc,https://www.inaturalist.org/observations/197872908
198942062,Columba livia domestica,2024-02-10,45.464255,9.18947,54,research,False,,False,elizabethompson,cc-by-nc,https://www.inaturalist.org/observations/198942062
199448377,Columba livia domestica,2024-02-16,45.463993951,9.1890946054,13,research,False,,False,jonnylan,,https://www.inaturalist.org/observations/199448377
203219329,Columba livia domestica,2024-03-20,45.4746340262,9.2331836745,23,research,False,,False,er_chiocciola,cc-by-nc,https://www.inaturalist.org/observations/203219329
204585817,Columba livia domestica,2024-03-30,45.4643948086,9.1895935644,58,research,False,,False,vanmeetin,cc-by-nc,https://www.inaturalist.org/observations/204585817
205629462,Columba livia domestica,2024-04-06,45.47311532,9.17582657,3,research,False,,False,damian_bruno,,https://www.inaturalist.org/observations/205629462
207373206,Columba livia domestica,2024-04-11,45.471001,9.1898689722,,research,False,,False,anna_nikolenko,cc-by,https://www.inaturalist.org/observations/207373206
207527355,Columba livia domestica,2024-04-13,45.4307389432,9.2367296545,155,research,False,,False,diogopalito,cc-by-nc,https://www.inaturalist.org/observations/207527355
208955025,Columba livia domestica,2024-04-22,45.4643216667,9.1896366667,21,research,False,,False,andrea_alanis006,cc-by-nc,https://www.inaturalist.org/observations/208955025
209080899,Columba livia domestica,2024-04-24,45.4744479854,9.1993653774,530,research,False,,False,love_flower,cc-by-nc,https://www.inaturalist.org/observations/209080899
209435558,Columba livia domestica,2024-04-26,45.4631996,9.1707354,19,research,False,,False,leoserpetti,cc-by-nc,https://www.inaturalist.org/observations/209435558
210241351,Columba livia domestica,2024-04-27,45.4908844,9.1344428,500,research,False,,False,mrgls,cc-by-nc,https://www.inaturalist.org/observations/210241351
210653399,Columba livia domestica,2024-04-28,45.470674457,9.1808803473,4,research,False,,False,ibrahim95616,,https://www.inaturalist.org/observations/210653399
212962854,Columba livia domestica,2022-03-25,45.4643966667,9.18925,14,research,False,,False,juliawong,cc-by-nc,https://www.inaturalist.org/observations/212962854
213150235,Columba livia domestica,2024-05-03,45.4492416667,9.17877,12,research,False,,False,jackbo,cc-by-nc,https://www.inaturalist.org/observations/213150235
213420186,Columba livia domestica,2024-05-04,45.484774,9.2031989997,,research,False,,False,scienzenaturali,cc-by-nc,https://www.inaturalist.org/observations/213420186
213421783,Columba livia domestica,2024-05-04,45.4791943997,9.1984612997,,research,False,,False,scienzenaturali,cc-by-nc,https://www.inaturalist.org/observations/213421783
213433824,Columba livia domestica,2024-05-04,45.464319,9.1891882,,research,False,,False,scienzenaturali,cc-by-nc,https://www.inaturalist.org/observations/213433824
213435987,Columba livia domestica,2024-05-04,45.4475069,9.1769639,,research,False,,False,scienzenaturali,cc-by-nc,https://www.inaturalist.org/observations/213435987
213652805,Columba livia domestica,2024-05-05,45.485677477,9.2126778513,9,research,False,,False,scienzenaturali,cc-by-nc,https://www.inaturalist.org/observations/213652805
215603563,Columba livia domestica,2024-04-21,45.4643033333,9.1896333333,21,research,False,,False,andrea_alanis006,cc-by-nc,https://www.inaturalist.org/observations/215603563
218642803,Columba livia domestica,2024-05-27,45.4849527776,9.2038010806,9,research,False,,False,scienzenaturali,cc-by-nc,https://www.inaturalist.org/observations/218642803
218808394,Columba livia domestica,2024-05-06,45.4644369997,9.1899802,,research,False,,False,cuckoobrains,cc-by-nc,https://www.inaturalist.org/observations/218808394
219058992,Columba livia domestica,2024-05-29,45.48674229,9.11460343,3,research,False,,False,luca583,,https://www.inaturalist.org/observations/219058992
219289112,Columba livia domestica,2024-05-30,45.4645605122,9.189421836,4,research,False,,False,danilo_hegg,,https://www.inaturalist.org/observations/219289112
220984261,Columba livia domestica,2024-04-20,45.4643216667,9.1896366667,21,research,False,,False,andrea_alanis006,cc-by-nc,https://www.inaturalist.org/observations/220984261
220985098,Columba livia domestica,2024-04-28,45.4643083333,9.1896366667,21,research,False,,False,andrea_alanis006,cc-by-nc,https://www.inaturalist.org/observations/220985098
222243870,Columba livia domestica,2015-05-16,45.472204336,9.1760207713,4,research,False,,False,jongilmer,cc-by-nc,https://www.inaturalist.org/observations/222243870
222687759,Columba livia domestica,2024-06-14,45.4583144938,9.2243684986,8,research,False,,False,jianong_li,cc-by-nc,https://www.inaturalist.org/observations/222687759
227165356,Columba livia domestica,2015-05-10,45.464446078,9.1901857901,302,research,False,,False,virfolk,cc-by-nc,https://www.inaturalist.org/observations/227165356
233048113,Columba livia domestica,2024-08-01,45.4764709473,9.2202596664,35,research,False,,False,andrea_pace,cc-by-nc,https://www.inaturalist.org/observations/233048113
234666278,Columba livia domestica,2023-07-07,45.4745912,9.19794625,3,research,False,,False,vincenzo63577,,https://www.inaturalist.org/observations/234666278
237078948,Columba livia domestica,2024-08-13,45.4531216667,9.1696783333,4,research,False,,False,clarxi,cc-by-nc,https://www.inaturalist.org/observations/237078948
237947534,Columba livia domestica,2010-10-14,45.4642114961,9.1897007423,83,research,False,,False,adriankreft,cc-by-nc,https://www.inaturalist.org/observations/237947534
238607090,Columba livia domestica,2024-08-29,45.470355,9.1807733333,9,research,False,,False,sloggingalong,cc-by-nc,https://www.inaturalist.org/observations/238607090
239757876,Columba livia domestica,2024-09-04,45.470916748,9.1787500381,4,research,False,,False,hme2,,https://www.inaturalist.org/observations/239757876
239758386,Columba livia domestica,2024-09-04,45.4711914063,9.178314209,35,research,False,,False,goodcr,cc-by-nc,https://www.inaturalist.org/observations/239758386
242816525,Columba livia domestica,2024-09-20,45.4464030638,9.1913630906,6,research,False,,False,lyncurius,cc-by-nc,https://www.inaturalist.org/observations/242816525
243187851,Columba livia domestica,2024-09-21,45.4866964,9.2062874,106,research,False,,False,vmoser,cc-by,https://www.inaturalist.org/observations/243187851
246965323,Columba livia domestica,2024-10-12,45.4643792,9.1892093997,,research,False,,False,aliscaelum,,https://www.inaturalist.org/observations/246965323
247474934,Columba livia domestica,2024-10-15,45.5208066,9.1821311,800,research,False,,False,chiara211,,https://www.inaturalist.org/observations/247474934
247632881,Columba livia domestica,2024-10-10,45.4704762,9.1793325,167,research,False,,False,rmyoshihara,cc-by-nc,https://www.inaturalist.org/observations/247632881
248273607,Columba livia domestica,2024-10-13,45.4641966273,9.1898173893,2,research,False,,False,jorge_moutinho,cc-by-nc,https://www.inaturalist.org/observations/248273607
250271475,Columba livia domestica,2024-09-12,45.4377771161,9.1681401059,176,research,False,,False,notacommondolphin,,https://www.inaturalist.org/observations/250271475
250271527,Columba livia domestica,2024-09-12,45.4377771161,9.1681401059,176,research,False,,False,notacommondolphin,,https://www.inaturalist.org/observations/250271527
250339267,Columba livia domestica,2024-11-03,45.46422,9.18908,14,research,False,,False,hasel001,cc-by-nc,https://www.inaturalist.org/observations/250339267
251595396,Columba livia domestica,2024-11-13,45.4778808807,9.1838052124,160,research,False,,False,notacommondolphin,,https://www.inaturalist.org/observations/251595396
251595478,Columba livia domestica,2024-11-13,45.4821577188,9.1778906062,252,research,False,,False,notacommondolphin,,https://www.inaturalist.org/observations/251595478
251618256,Columba livia domestica,2024-11-11,45.4734233333,9.1769333333,,research,False,,False,tutitah,cc0,https://www.inaturalist.org/observations/251618256
253438957,Columba livia domestica,2024-11-28,45.4686786894,9.2237661034,183,research,False,,False,notacommondolphin,,https://www.inaturalist.org/observations/253438957
253786099,Columba livia domestica,2024-12-01,45.4640485997,9.1895319,,research,False,,False,ricardo_77,,https://www.inaturalist.org/observations/253786099
254947636,Columba livia domestica,2024-08-04,45.4936452,9.1884233997,,research,False,,False,twan3253,cc-by,https://www.inaturalist.org/observations/254947636
255298183,Columba livia domestica,2024-08-04,45.4732100038,9.1766316339,8,research,False,,False,twan3253,cc-by,https://www.inaturalist.org/observations/255298183
255360110,Columba livia domestica,2024-08-04,45.4639768997,9.1897693997,,research,False,,False,twan3253,cc-by,https://www.inaturalist.org/observations/255360110
255360611,Columba livia domestica,2024-08-05,45.4646354997,9.1877761,,research,False,,False,twan3253,cc-by,https://www.inaturalist.org/observations/255360611
255360620,Columba livia domestica,2024-08-05,45.4585666997,9.1811623997,,research,False,,False,twan3253,cc-by,https://www.inaturalist.org/observations/255360620
255360631,Columba livia domestica,2024-08-05,45.4607784,9.1864439,,research,False,,False,twan3253,cc-by,https://www.inaturalist.org/observations/255360631
255361127,Columba livia domestica,2024-08-04,45.4708708431,9.1782744725,15,research,False,,False,twan3253,cc-by,https://www.inaturalist.org/observations/255361127
255361139,Columba livia domestica,2024-08-06,45.501194413,9.1510929106,8,research,False,,False,twan3253,cc-by,https://www.inaturalist.org/observations/255361139
256026153,Columba livia domestica,2024-07-26,45.4639333333,9.1894083333,14,research,False,,False,cy10501,,https://www.inaturalist.org/observations/256026153
256611932,Columba livia domestica,2024-12-29,45.5050023,9.2380788,,research,False,,False,camluzz,cc-by-nc,https://www.inaturalist.org/observations/256611932
257458529,Columba livia domestica,2025-01-05,45.4734469004,9.2329781502,23,research,False,,False,vikibnui,,https://www.inaturalist.org/observations/257458529
258448237,Columba livia domestica,2020-02-01,45.46447,9.190145,9,research,False,,False,shirleywithr,,https://www.inaturalist.org/observations/258448237
259598556,Columba livia domestica,2022-03-17,45.4637188,9.1906043,259,research,False,,False,puduserpeor,,https://www.inaturalist.org/observations/259598556
259854873,Columba livia domestica,2025-01-28,45.4636459351,9.1899909973,37,research,False,,False,rzzw,cc-by-nc,https://www.inaturalist.org/observations/259854873
260133233,Columba livia domestica,2025-01-31,45.4493626037,9.2002974451,4,research,False,,False,lyncurius,cc-by-nc,https://www.inaturalist.org/observations/260133233
260552021,Columba livia domestica,2008-01-25,45.4646440747,9.1901570204,31,research,False,,False,amatala,cc-by,https://www.inaturalist.org/observations/260552021
261245287,Columba livia domestica,2025-02-09,45.4682542802,9.2332772166,47,research,False,,False,federico88288,,https://www.inaturalist.org/observations/261245287
261473460,Columba livia domestica,2013-05-12,45.464167561,9.1898155693,61,research,False,,False,milanpestalozzi,cc-by-nc,https://www.inaturalist.org/observations/261473460
263272416,Columba livia domestica,2025-02-27,45.4709815979,9.1785497665,353,research,False,,False,philinnature,,https://www.inaturalist.org/observations/263272416
265682976,Columba livia domestica,2025-02-20,45.4770916765,9.1064868495,2007,research,False,,False,martadellorso,cc-by-nc,https://www.inaturalist.org/observations/265682976
266377100,Columba livia domestica,2025-01-02,45.4641358277,9.1894046564,10,research,False,,False,ale_ale,cc-by,https://www.inaturalist.org/observations/266377100
266741364,Columba livia domestica,2025-03-24,45.4784821631,9.228048621,35,research,False,,False,pury89,cc-by-nc,https://www.inaturalist.org/observations/266741364
267480248,Columba livia domestica,2025-03-29,45.4603820282,9.2167283222,8,research,False,,False,mc1991,cc-by-nc,https://www.inaturalist.org/observations/267480248
267502597,Columba livia domestica,2018-09-27,45.4639392822,9.1897751363,2,research,False,,False,flaviobruno,cc-by-nc,https://www.inaturalist.org/observations/267502597
267879622,Columba livia domestica,2025-03-31,45.4643232297,9.1895347461,48,research,False,,False,ale98_,,https://www.inaturalist.org/observations/267879622
269237832,Columba livia domestica,2025-04-07,45.4966267079,9.2509184199,138,research,False,,False,diogopalito,cc-by-nc,https://www.inaturalist.org/observations/269237832
269961672,Columba livia domestica,2025-04-12,45.4717613792,9.1995306686,33,research,False,,False,pier_b,cc-by-nc,https://www.inaturalist.org/observations/269961672
272267093,Columba livia domestica,2025-04-19,45.4642084535,9.1892721495,4,research,False,,False,dawicho,cc-by-nc,https://www.inaturalist.org/observations/272267093
276696703,Columba livia domestica,2025-04-25,45.4840166667,9.1919305556,4,research,False,,False,raphael_tarabini_castellani,,https://www.inaturalist.org/observations/276696703
277098054,Columba livia domestica,2025-04-30,45.5141196966,9.2115184665,30,research,False,,False,andrea0115,cc-by-nc,https://www.inaturalist.org/observations/277098054
278315896,Columba livia domestica,2025-05-03,45.451695,9.1778833333,14,research,False,,False,schepd,cc-by-nc,https://www.inaturalist.org/observations/278315896
278420749,Columba livia domestica,2025-05-04,45.4854468647,9.1568537967,75,research,False,,False,dagosquared,cc-by-nc,https://www.inaturalist.org/observations/278420749
279162322,Columba livia domestica,2025-05-07,45.4724133333,9.2026433333,6,research,False,,False,profgreen,cc-by-nc,https://www.inaturalist.org/observations/279162322
279213054,Columba livia domestica,2025-05-07,45.4784470233,9.2354290177,34,research,False,,False,gaialucia,cc-by-nc,https://www.inaturalist.org/observations/279213054
280494095,Columba livia domestica,2025-05-11,45.4744033333,9.1972466667,16,research,False,,False,cdelmissier,cc-by-nc,https://www.inaturalist.org/observations/280494095
280530515,Columba livia domestica,2025-04-19,45.4696624136,9.1783888001,15,research,False,,False,sean579,cc0,https://www.inaturalist.org/observations/280530515
280530521,Columba livia domestica,2025-04-20,45.4642259224,9.1892982357,4,research,False,,False,sean579,cc0,https://www.inaturalist.org/observations/280530521
280961773,Columba livia domestica,2025-05-14,45.451032,9.1712766,,research,False,,False,stefano39305,,https://www.inaturalist.org/observations/280961773
281185552,Columba livia domestica,2025-05-15,45.46224,9.196915,2,research,False,,False,stefano39305,,https://www.inaturalist.org/observations/281185552
283622078,Columba livia domestica,2025-05-24,45.4851979722,9.236796,,research,False,,False,laraindra,cc-by-nc,https://www.inaturalist.org/observations/283622078
284676556,Columba livia domestica,2025-05-27,45.4715166667,9.1767866667,42,research,False,,False,josephh1222,cc-by,https://www.inaturalist.org/observations/284676556
285665945,Columba livia domestica,2025-05-31,45.458275,9.1663166667,4,research,False,,False,meniktube,,https://www.inaturalist.org/observations/285665945
287712290,Columba livia domestica,2025-05-31,45.4840277778,9.1637527778,25,research,False,,False,kingmush,cc-by-nc,https://www.inaturalist.org/observations/287712290
287712351,Columba livia domestica,2025-05-31,45.4643636603,9.1922572931,122,research,False,,False,kingmush,cc-by-nc,https://www.inaturalist.org/observations/287712351
287712486,Columba livia domestica,2025-06-01,45.4641852844,9.1912093435,111,research,False,,False,kingmush,cc-by-nc,https://www.inaturalist.org/observations/287712486
287712488,Columba livia domestica,2025-06-01,45.4641852844,9.1912093435,111,research,False,,False,kingmush,cc-by-nc,https://www.inaturalist.org/observations/287712488
287712492,Columba livia domestica,2025-06-01,45.4641852844,9.1912093435,111,research,False,,False,kingmush,cc-by-nc,https://www.inaturalist.org/observations/287712492
288173408,Columba livia domestica,2025-06-02,45.4710083333,9.1786138889,5,research,False,,False,kingmush,cc-by-nc,https://www.inaturalist.org/observations/288173408
289487447,Columba livia domestica,2025-06-14,45.4734448856,9.1766364221,17,research,False,,False,lgodfrey_,cc-by-nc,https://www.inaturalist.org/observations/289487447
290711423,Columba livia domestica,2025-06-18,45.4841733333,9.2206066667,4,research,False,,False,kevin89797,cc-by-nc,https://www.inaturalist.org/observations/290711423
291758605,Columba livia domestica,2025-05-25,45.4704762,9.1793325,167,research,False,,False,graciela_gplp,cc-by-nc,https://www.inaturalist.org/observations/291758605
295139194,Columba livia domestica,2025-07-04,45.4813995278,9.1975068889,,research,False,,False,karimhaddad,cc-by,https://www.inaturalist.org/observations/295139194
295929402,Columba livia domestica,2025-07-07,45.4706001111,9.1791734444,,research,False,,False,karimhaddad,cc-by,https://www.inaturalist.org/observations/295929402
295953970,Columba livia domestica,2025-07-07,45.453741923,9.1701577138,5,research,False,,False,elliotgreiner,cc-by,https://www.inaturalist.org/observations/295953970
295969136,Columba livia domestica,2025-07-07,45.4627816278,9.1898178089,21,research,False,,False,elliotgreiner,cc-by,https://www.inaturalist.org/observations/295969136
295970288,Columba livia domestica,2025-07-07,45.4643010255,9.1897899751,3,research,False,,False,elliotgreiner,cc-by,https://www.inaturalist.org/observations/295970288
295970426,Columba livia domestica,2025-07-07,45.4643008579,9.1894660983,4,research,False,,False,elliotgreiner,cc-by,https://www.inaturalist.org/observations/295970426
295970857,Columba livia domestica,2025-07-07,45.4642509098,9.189576784,45,research,False,,False,elliotgreiner,cc-by,https://www.inaturalist.org/observations/295970857
295981228,Columba livia domestica,2025-07-07,45.4697178305,9.1804806981,8,research,False,,False,elliotgreiner,cc-by,https://www.inaturalist.org/observations/295981228
295983940,Columba livia domestica,2025-07-07,45.4713624437,9.1780460067,3,research,False,,False,elliotgreiner,cc-by,https://www.inaturalist.org/observations/295983940
295984594,Columba livia domestica,2025-07-07,45.4710625577,9.1770489316,102,research,False,,False,elliotgreiner,cc-by,https://www.inaturalist.org/observations/295984594
295985846,Columba livia domestica,2025-07-07,45.473148688,9.1737750075,107,research,False,,False,elliotgreiner,cc-by,https://www.inaturalist.org/observations/295985846
295988807,Columba livia domestica,2025-07-07,45.4745508368,9.181519776,40,research,False,,False,elliotgreiner,cc-by,https://www.inaturalist.org/observations/295988807
296000864,Columba livia domestica,2025-07-07,45.4713883333,9.1782,8,research,False,,False,tkirk304,cc-by,https://www.inaturalist.org/observations/296000864
296009411,Columba livia domestica,2025-07-06,45.464275,9.1894533333,14,research,False,,False,frankdill,,https://www.inaturalist.org/observations/296009411
296202235,Columba livia domestica,2025-07-08,45.4750014657,9.1938572839,14,research,False,,False,elliotgreiner,cc-by,https://www.inaturalist.org/observations/296202235
296202841,Columba livia domestica,2025-07-08,45.4791728983,9.1967224587,4,research,False,,False,elliotgreiner,cc-by,https://www.inaturalist.org/observations/296202841
296252998,Columba livia domestica,2025-07-06,45.47,9.1796616667,27,research,False,,False,frankdill,,https://www.inaturalist.org/observations/296252998
296737677,Columba livia domestica,2025-07-10,45.4641734409,9.1899005324,4,research,False,,False,bibizt,cc-by-nc,https://www.inaturalist.org/observations/296737677
296894800,Columba livia domestica,2025-07-10,45.45189928,9.1647742689,10,research,False,,False,luca_221,cc-by-nc,https://www.inaturalist.org/observations/296894800
298934396,Columba livia domestica,2025-07-18,45.4852533333,9.1849416667,264,research,False,,False,rpanzeri,cc-by-nc,https://www.inaturalist.org/observations/298934396
299873908,Columba livia domestica,2025-07-21,45.5135894363,9.2116425186,71,research,False,,False,andrea0115,cc-by-nc,https://www.inaturalist.org/observations/299873908
301790002,Columba livia domestica,2025-07-28,45.4654338687,9.1944124543,38,research,False,,False,gaialucia,cc-by-nc,https://www.inaturalist.org/observations/301790002
301863221,Columba livia domestica,2025-07-28,45.4415064818,9.1947497986,4,research,False,,False,giuliazam_,cc-by-nc,https://www.inaturalist.org/observations/301863221
303792552,Columba livia domestica,2025-07-12,45.4686750997,9.1804182997,,research,False,,False,reybal,cc-by-nc,https://www.inaturalist.org/observations/303792552
305174058,Columba livia domestica,2025-06-23,45.4747361167,9.2003972167,,research,False,,False,flowqb,cc-by-nc,https://www.inaturalist.org/observations/305174058
310487809,Columba livia domestica,2025-08-31,45.4699888889,9.1801083333,,research,False,,False,caveman93,cc-by-nc,https://www.inaturalist.org/observations/310487809
312516541,Columba livia domestica,2025-09-08,45.464495,9.1923366667,4,research,False,,False,elito7023,cc-by-nc,https://www.inaturalist.org/observations/312516541
312516601,Columba livia domestica,2025-09-08,45.4644533333,9.1900116667,3,research,False,,False,elito7023,cc-by-nc,https://www.inaturalist.org/observations/312516601
312751263,Columba livia domestica,2025-09-09,45.4696049588,9.1806037897,66,research,False,,False,elito7023,cc-by-nc,https://www.inaturalist.org/observations/312751263
313162447,Columba livia domestica,2025-06-24,45.4694777778,9.1803944444,4,research,False,,False,flowqb,cc-by-nc,https://www.inaturalist.org/observations/313162447
313162452,Columba livia domestica,2025-06-24,45.4693833333,9.1807583333,,research,False,,False,flowqb,cc-by-nc,https://www.inaturalist.org/observations/313162452
313517179,Columba livia domestica,2025-09-13,45.4862136841,9.1922550201,13,research,False,,False,marcellan79,cc-by-nc,https://www.inaturalist.org/observations/313517179
314072334,Columba livia domestica,2025-09-15,45.4732055664,9.1765155792,2,research,False,,False,cmat1,,https://www.inaturalist.org/observations/314072334
316477264,Columba livia domestica,2025-09-25,45.4778157,9.2349916,,research,False,,False,niccolouccellino,cc-by-nc,https://www.inaturalist.org/observations/316477264
317960817,Columba livia domestica,2023-08-04,45.4641737878,9.1895985355,58,research,False,,False,jantomasek,cc-by-nc,https://www.inaturalist.org/observations/317960817
318607570,Columba livia domestica,2025-09-14,45.4881189888,9.2192059261,57,research,False,,False,o2k,cc0,https://www.inaturalist.org/observations/318607570
320009882,Columba livia domestica,2025-10-10,45.4641783333,9.1898283333,2,research,False,,False,rjennion,cc-by-nc,https://www.inaturalist.org/observations/320009882
320404490,Columba livia domestica,2025-10-12,45.473355,9.17697,4,research,False,,False,rjennion,cc-by-nc,https://www.inaturalist.org/observations/320404490
322201071,Columba livia domestica,2025-10-21,45.4747091997,9.1982665,,research,False,,False,niccolouccellino,cc-by-nc,https://www.inaturalist.org/observations/322201071
322909142,Columba livia domestica,2025-10-25,45.48974,9.1269372,,research,False,,False,vaclav_john,cc-by-nc,https://www.inaturalist.org/observations/322909142
326309953,Columba livia domestica,2025-11-13,45.4758862997,9.2002819,,research,False,,False,niccolouccellino,cc-by-nc,https://www.inaturalist.org/observations/326309953
327243913,Columba livia domestica,2025-11-19,45.4797826719,9.2256140072,8,research,False,,False,er_chiocciola,cc-by-nc,https://www.inaturalist.org/observations/327243913
329418787,Columba livia domestica,2025-12-03,45.4634224,9.191338,,research,False,,False,ale98_,,https://www.inaturalist.org/observations/329418787
329418832,Columba livia domestica,2025-12-03,45.4688331,9.1813061,,research,False,,False,ale98_,,https://www.inaturalist.org/observations/329418832
329823593,Columba livia domestica,2025-12-07,45.4735984802,9.1769237518,10,research,False,,False,pietro_vigano,cc-by-nc,https://www.inaturalist.org/observations/329823593
331409865,Columba livia domestica,2025-12-19,45.4663527778,9.1910277778,,research,False,,False,sir_laurus,cc-by-nc,https://www.inaturalist.org/observations/331409865
331914894,Columba livia domestica,2025-04-03,45.4638100601,9.18948587,,research,False,,False,tommig1,cc-by-nc,https://www.inaturalist.org/observations/331914894
332144050,Columba livia domestica,2025-10-22,45.4821583333,9.1953916667,14,research,False,,False,merowig,,https://www.inaturalist.org/observations/332144050
332169836,Columba livia domestica,2025-10-22,45.4845083333,9.194705,27,research,False,,False,merowig,,https://www.inaturalist.org/observations/332169836
332169984,Columba livia domestica,2025-10-23,45.464625,9.1923416667,14,research,False,,False,merowig,,https://www.inaturalist.org/observations/332169984
333449230,Columba livia domestica,2025-04-04,45.4707379,9.1809349,,research,False,,False,tommig1,cc-by-nc,https://www.inaturalist.org/observations/333449230
334201082,Columba livia domestica,2023-11-06,45.464295,9.1893916667,14,research,False,,False,a9900,cc-by-nc,https://www.inaturalist.org/observations/334201082
334229894,Columba livia domestica,2023-05-22,45.4733366667,9.1769216667,4,research,False,,False,a9900,cc-by-nc,https://www.inaturalist.org/observations/334229894
334697144,Columba livia domestica,2026-01-13,45.4844277778,9.2360111111,,research,False,,False,esto1,cc-by-nc,https://www.inaturalist.org/observations/334697144
335187708,Columba livia domestica,2026-01-14,45.4691366667,9.1813116667,6,research,False,,False,naturalist157502,,https://www.inaturalist.org/observations/335187708
337787942,Columba livia domestica,2026-02-07,45.4728879972,9.1761109886,362,research,False,,False,gaialucia,cc-by-nc,https://www.inaturalist.org/observations/337787942
337946509,Columba livia domestica,2026-02-08,45.4644521022,9.1901789873,4,research,False,,False,chia,cc-by-nc,https://www.inaturalist.org/observations/337946509
338053090,Columba livia domestica,2025-08-12,45.4692533333,9.181455,26,research,False,,False,mialuna1,cc-by-nc,https://www.inaturalist.org/observations/338053090
338617256,Columba livia domestica,2026-02-14,45.4640899919,9.1900794244,41,research,False,,False,dominid,cc-by-nc,https://www.inaturalist.org/observations/338617256
338652741,Columba livia domestica,2019-08-09,45.4642431343,9.1898780705,15,research,False,,False,amatala,cc-by,https://www.inaturalist.org/observations/338652741
339002071,Columba livia domestica,2026-02-06,45.4859321066,9.214371985,17,research,False,,False,chia,cc-by-nc,https://www.inaturalist.org/observations/339002071
339004162,Columba livia domestica,2026-02-06,45.4597488383,9.1067655073,14,research,False,,False,chia,cc-by-nc,https://www.inaturalist.org/observations/339004162
339017691,Columba livia domestica,2026-02-06,45.4696483436,9.0925136815,1,research,False,,False,chia,cc-by-nc,https://www.inaturalist.org/observations/339017691
339018192,Columba livia domestica,2026-02-06,45.4684885285,9.0966143213,6,research,False,,False,chia,cc-by-nc,https://www.inaturalist.org/observations/339018192
339019845,Columba livia domestica,2026-02-06,45.5013698165,9.2242136475,7,research,False,,False,chia,cc-by-nc,https://www.inaturalist.org/observations/339019845
339148207,Columba livia domestica,2026-02-08,45.4646374938,9.1911362554,5,research,False,,False,chia,cc-by-nc,https://www.inaturalist.org/observations/339148207
339155503,Columba livia domestica,2026-02-08,45.4747110556,9.2055361111,29,research,False,,False,chia,cc-by-nc,https://www.inaturalist.org/observations/339155503
339327444,Columba livia domestica,2026-02-07,45.4334267518,9.2386776817,9,research,False,,False,chia,cc-by-nc,https://www.inaturalist.org/observations/339327444
339329752,Columba livia domestica,2026-02-07,45.4425744106,9.2546587773,56,research,False,,False,chia,cc-by-nc,https://www.inaturalist.org/observations/339329752
339331505,Columba livia domestica,2026-02-07,45.4698409111,9.1804705183,3,research,False,,False,chia,cc-by-nc,https://www.inaturalist.org/observations/339331505
341237295,Columba livia domestica,2026-03-04,45.4685773488,9.2282675207,14,research,False,,False,robertexh,cc-by-nc,https://www.inaturalist.org/observations/341237295
341936124,Columba livia domestica,2026-02-26,45.4639533333,9.1920133333,,research,False,,False,pech34,cc-by-nc,https://www.inaturalist.org/observations/341936124
343289414,Columba livia domestica,2026-03-16,45.517082202,9.1394327581,11,research,False,,False,arcobaleno97,,https://www.inaturalist.org/observations/343289414
343384473,Columba livia domestica,2026-03-16,45.4875316923,9.1445363313,187,research,False,,False,arcobaleno97,cc-by-nc,https://www.inaturalist.org/observations/343384473
343981802,Columba livia domestica,2026-03-20,45.4769173848,9.1833121394,22,research,False,,False,gaialucia,cc-by-nc,https://www.inaturalist.org/observations/343981802
344668591,Columba livia domestica,2026-03-23,45.476480411,9.1205570789,2568,research,False,,False,aa22,cc-by-nc,https://www.inaturalist.org/observations/344668591
345075274,Columba livia domestica,2026-03-23,45.4730989381,9.1759604216,12,research,False,,False,wildbandanyy,cc-by-nc,https://www.inaturalist.org/observations/345075274
345271060,Columba livia domestica,2026-03-26,45.515840365,9.1413394734,16,research,False,,False,arcobaleno97,,https://www.inaturalist.org/observations/345271060
345271088,Columba livia domestica,2026-03-26,45.5158427143,9.1413545609,15,research,False,,False,arcobaleno97,,https://www.inaturalist.org/observations/345271088
345271461,Columba livia domestica,2026-03-26,45.515833317,9.1413508728,17,research,False,,False,arcobaleno97,,https://www.inaturalist.org/observations/345271461
345924363,Columba livia domestica,2026-03-29,45.4820167997,9.2162343997,,research,False,,False,silkseeker,cc-by,https://www.inaturalist.org/observations/345924363
347738623,Columba livia domestica,2026-04-05,45.4303033333,9.1369945,8,research,False,,False,gianlucacic92,cc-by-nc,https://www.inaturalist.org/observations/347738623
347766608,Columba livia domestica,2026-04-06,45.50494274,9.09335438,9,research,False,,False,fatebreaker,cc-by-nc,https://www.inaturalist.org/observations/347766608
347838928,Columba livia domestica,2026-04-05,45.4705513062,9.1773716045,8,research,False,,False,rayan_talia,cc-by-nc,https://www.inaturalist.org/observations/347838928
347915309,Columba livia domestica,2026-04-05,45.4640752606,9.1898198901,5,research,False,,False,rayan_talia,cc-by-nc,https://www.inaturalist.org/observations/347915309
347915351,Columba livia domestica,2026-04-05,45.464092783,9.189773246,7,research,False,,False,rayan_talia,cc-by-nc,https://www.inaturalist.org/observations/347915351
348022236,Columba livia domestica,2026-03-24,45.4677160637,9.1613259539,222,research,False,,False,notacommondolphin,,https://www.inaturalist.org/observations/348022236
348333018,Columba livia domestica,2026-04-08,45.4875434448,9.1448166221,11,research,False,,False,arcobaleno97,,https://www.inaturalist.org/observations/348333018
348333233,Columba livia domestica,2026-04-08,45.4873955981,9.1447616369,19,research,False,,False,arcobaleno97,,https://www.inaturalist.org/observations/348333233
348347397,Columba livia domestica,2026-04-08,45.4875316923,9.1445363313,187,research,False,,False,arcobaleno97,,https://www.inaturalist.org/observations/348347397
348503927,Columba livia domestica,2026-04-09,45.4754208615,9.2335790664,15,research,False,,False,marcogz,cc-by-nc,https://www.inaturalist.org/observations/348503927
348901935,Columba livia domestica,2026-04-10,45.497628012,9.187937474,5,research,False,,False,katemcd79,cc-by-nc,https://www.inaturalist.org/observations/348901935
348958071,Columba livia domestica,2026-04-11,45.4685966667,9.1803916667,6,research,False,,False,katemcd79,cc-by-nc,https://www.inaturalist.org/observations/348958071
349260059,Columba livia domestica,2026-04-10,45.5158911103,9.1410119087,3,research,False,,False,arcobaleno97,cc-by-nc,https://www.inaturalist.org/observations/349260059
349360314,Columba livia domestica,2026-04-12,45.4642116667,9.1897666667,9,research,False,,False,katemcd79,cc-by-nc,https://www.inaturalist.org/observations/349360314
349789606,Columba livia domestica,2026-03-30,45.4848605415,9.1935728228,2,research,False,,False,bluehawk314,cc-by-nc,https://www.inaturalist.org/observations/349789606
349862896,Columba livia domestica,2026-03-30,45.4619534932,9.1011659548,4,research,False,,False,bluehawk314,cc-by-nc,https://www.inaturalist.org/observations/349862896
350240256,Columba livia domestica,2026-04-16,45.5041529,9.2493593997,,research,False,,False,niccolouccellino,cc-by-nc,https://www.inaturalist.org/observations/350240256
350322351,Columba livia domestica,2026-04-16,45.5163614418,9.1347107291,24,research,False,,False,arcobaleno97,cc-by-nc,https://www.inaturalist.org/observations/350322351
352331407,Columba livia domestica,2026-04-23,45.5156218778,9.1312543675,3,research,False,,False,arcobaleno97,cc-by-nc,https://www.inaturalist.org/observations/352331407
353400264,Columba livia domestica,2026-04-25,45.4628667892,9.1872138692,8,research,False,,False,fiona_hoss,cc-by-nc,https://www.inaturalist.org/observations/353400264
354710126,Columba livia domestica,2026-04-05,45.4644282975,9.1902427356,310,research,False,,False,latropaloca,,https://www.inaturalist.org/observations/354710126
354710129,Columba livia domestica,2026-04-05,45.4644805039,9.1901875461,310,research,False,,False,latropaloca,,https://www.inaturalist.org/observations/354710129
356898863,Columba livia domestica,2026-04-30,45.4808036,9.2253772,,research,False,,False,niccolouccellino,cc-by-nc,https://www.inaturalist.org/observations/356898863
356910510,Columba livia domestica,2026-04-30,45.5289223997,9.1634218,,research,False,,False,niccolouccellino,cc-by-nc,https://www.inaturalist.org/observations/356910510
358183204,Columba livia domestica,2026-05-03,45.4865855129,9.202524496,80,research,False,,False,palebluedotterel,cc-by-nc,https://www.inaturalist.org/observations/358183204
358939061,Columba livia domestica,2026-05-06,45.4743487,9.2264964997,,research,False,,False,niccolouccellino,cc-by-nc,https://www.inaturalist.org/observations/358939061
359618194,Columba livia domestica,2026-05-08,45.4849110569,9.2032800615,14,research,False,,False,nicomt,cc-by-nc,https://www.inaturalist.org/observations/359618194
360849222,Columba livia domestica,2026-05-12,45.4759377507,9.233094625,18,research,False,,False,gaialucia,cc-by-nc,https://www.inaturalist.org/observations/360849222
361360912,Columba livia domestica,2026-05-14,45.4737444444,9.1705694444,,research,False,,False,estelle_garrouste,cc-by-nc,https://www.inaturalist.org/observations/361360912
362727750,Columba livia domestica,2026-05-17,45.4248743439,9.1374274716,919,research,False,,False,lucia32653,,https://www.inaturalist.org/observations/362727750
363399603,Columba livia domestica,2026-05-18,45.4788111117,9.2034416667,,research,False,,False,anneliesemak,cc-by-nc,https://www.inaturalist.org/observations/363399603
363468672,Columba livia domestica,2026-05-17,45.4643638883,9.189475,,research,False,,False,anneliesemak,cc-by-nc,https://www.inaturalist.org/observations/363468672
363592251,Columba livia domestica,2026-05-21,45.4687960185,9.1857226565,14,research,False,,False,captainnik,cc-by-nc,https://www.inaturalist.org/observations/363592251
363594940,Columba livia domestica,2026-05-21,45.4638602234,9.1901187971,12,research,False,,False,captainnik,cc-by-nc,https://www.inaturalist.org/observations/363594940
363595871,Columba livia domestica,2026-05-21,45.4642141214,9.1892869771,4,research,False,,False,captainnik,cc-by-nc,https://www.inaturalist.org/observations/363595871
363599516,Columba livia domestica,2026-05-21,45.4663967178,9.1900574416,30,research,False,,False,captainnik,cc-by-nc,https://www.inaturalist.org/observations/363599516
363605593,Columba livia domestica,2026-05-21,45.4706598501,9.1807649285,8,research,False,,False,captainnik,cc-by-nc,https://www.inaturalist.org/observations/363605593
363606529,Columba livia domestica,2026-05-21,45.4702121788,9.1792397574,13,research,False,,False,captainnik,cc-by-nc,https://www.inaturalist.org/observations/363606529
363607723,Columba livia domestica,2026-05-21,45.4709140149,9.178677164,8,research,False,,False,captainnik,cc-by-nc,https://www.inaturalist.org/observations/363607723
363639706,Columba livia domestica,2026-05-21,45.4647296101,9.1896422984,19,research,False,,False,davidevalentinus,cc-by-nc,https://www.inaturalist.org/observations/363639706
363695746,Columba livia domestica,2026-05-21,45.4713867,9.1763548,100,research,False,,False,zmijkagrzybowa,,https://www.inaturalist.org/observations/363695746
363714673,Columba livia domestica,2026-05-21,45.4790208,9.1981955,,research,False,,False,niccolouccellino,cc-by-nc,https://www.inaturalist.org/observations/363714673
363753498,Columba livia domestica,2026-05-21,45.4718187475,9.175975509,20,research,False,,False,captainnik,cc-by-nc,https://www.inaturalist.org/observations/363753498
365997518,Columba livia domestica,2026-05-28,45.4812768,9.2341239997,,research,False,,False,niccolouccellino,cc-by-nc,https://www.inaturalist.org/observations/365997518
366263159,Columba livia domestica,2026-05-25,45.463154284,9.1294698803,7,research,False,,False,aleksandar__todorov,cc-by-nc,https://www.inaturalist.org/observations/366263159
367204298,Columba livia domestica,2026-05-21,45.4723616482,9.1761716398,2,research,False,,False,captainnik,cc-by-nc,https://www.inaturalist.org/observations/367204298
367204301,Columba livia domestica,2026-05-21,45.47228265,9.176237822,2,research,False,,False,captainnik,cc-by-nc,https://www.inaturalist.org/observations/367204301
369434898,Columba livia domestica,2026-06-07,45.4640833333,9.1896416667,4,research,False,,False,hannahorca,cc-by-nc,https://www.inaturalist.org/observations/369434898
369434907,Columba livia domestica,2026-06-07,45.4638583333,9.189705,14,research,False,,False,hannahorca,cc-by-nc,https://www.inaturalist.org/observations/369434907
369435101,Columba livia domestica,2026-06-07,45.46412,9.1896633333,3,research,False,,False,hannahorca,cc-by-nc,https://www.inaturalist.org/observations/369435101
369825109,Columba livia domestica,2026-06-08,45.4624883333,9.1951466667,35,research,False,,False,hannahorca,cc-by-nc,https://www.inaturalist.org/observations/369825109
369825470,Columba livia domestica,2026-06-08,45.4702716667,9.17937,11,research,False,,False,hannahorca,cc-by-nc,https://www.inaturalist.org/observations/369825470
369825544,Columba livia domestica,2026-06-08,45.47002,9.1798966667,39,research,False,,False,hannahorca,cc-by-nc,https://www.inaturalist.org/observations/369825544
370237927,Columba livia domestica,2026-05-16,45.4644466667,9.1901133333,5,research,False,,False,sorsor_7,,https://www.inaturalist.org/observations/370237927
370237960,Columba livia domestica,2026-05-16,45.4644883333,9.1898366667,4,research,False,,False,sorsor_7,,https://www.inaturalist.org/observations/370237960
372557736,Columba livia domestica,2026-06-17,45.4783166667,9.1693866667,14,research,False,,False,angie_9999,cc-by-nc,https://www.inaturalist.org/observations/372557736
373195554,Columba livia domestica,2026-06-19,45.4642587875,9.1926116015,9,research,False,,False,yacobthespider,cc-by-nc,https://www.inaturalist.org/observations/373195554
373849150,Columba livia domestica,2026-06-21,45.4640800847,9.1894745125,19,research,False,,False,yacobthespider,cc-by-nc,https://www.inaturalist.org/observations/373849150
373849196,Columba livia domestica,2026-06-21,45.4641529404,9.1895988732,21,research,False,,False,yacobthespider,cc-by-nc,https://www.inaturalist.org/observations/373849196
373849301,Columba livia domestica,2026-06-21,45.4641764289,9.18973887,7,research,False,,False,yacobthespider,cc-by-nc,https://www.inaturalist.org/observations/373849301
373849394,Columba livia domestica,2026-06-21,45.464253637,9.189738001,6,research,False,,False,yacobthespider,cc-by-nc,https://www.inaturalist.org/observations/373849394
373849454,Columba livia domestica,2026-06-21,45.4643113161,9.1898958441,58,research,False,,False,yacobthespider,cc-by-nc,https://www.inaturalist.org/observations/373849454
373849485,Columba livia domestica,2026-06-21,45.4642676571,9.1896307776,50,research,False,,False,yacobthespider,cc-by-nc,https://www.inaturalist.org/observations/373849485
373849512,Columba livia domestica,2026-06-21,45.4643399453,9.1896164634,24,research,False,,False,yacobthespider,cc-by-nc,https://www.inaturalist.org/observations/373849512
373849545,Columba livia domestica,2026-06-21,45.4643082463,9.1895799695,24,research,False,,False,yacobthespider,cc-by-nc,https://www.inaturalist.org/observations/373849545
373862229,Columba livia domestica,2026-06-21,45.5050506389,9.2196187778,,research,False,,False,frankie20212,cc-by-nc,https://www.inaturalist.org/observations/373862229
373895922,Columba livia domestica,2026-06-21,45.505335574,9.2199754715,201,research,False,,False,tiziana92451,cc-by-nc,https://www.inaturalist.org/observations/373895922
374993523,Columba livia domestica,2026-06-24,45.452775,9.2272083333,5,research,False,,False,purple82,,https://www.inaturalist.org/observations/374993523
377993589,Columba livia domestica,2026-07-04,45.4689326557,9.2304487433,15,research,False,,False,marcogz,cc-by-nc,https://www.inaturalist.org/observations/377993589
380552344,Columba livia domestica,2026-07-11,45.476232,9.199237,,research,False,,False,elimadmartigan,cc0,https://www.inaturalist.org/observations/380552344
380718858,Columba livia domestica,2026-07-06,45.4722383333,9.1760866667,9,research,False,,False,bdo1000,cc-by-nc,https://www.inaturalist.org/observations/380718858
381737696,Columba livia domestica,2026-07-14,45.4740615003,9.1744795907,3,research,False,,False,paulusse,cc-by-nc,https://www.inaturalist.org/observations/381737696
381915035,Columba livia domestica,2026-07-16,45.4845966667,9.2035216667,3,research,False,,False,aelixirs,cc-by-nc,https://www.inaturalist.org/observations/381915035
384601799,Columba livia domestica,2026-07-18,45.4767333333,9.1209,10,research,False,,False,lemon_beggarticks,cc-by-nc,https://www.inaturalist.org/observations/384601799
384602205,Columba livia domestica,2026-07-19,45.4661133333,9.1707,10,research,False,,False,lemon_beggarticks,cc-by-nc,https://www.inaturalist.org/observations/384602205
385712142,Columba livia domestica,2026-07-25,45.4760976105,9.1746789146,1463,research,False,,False,emiliosserva,cc-by-nc,https://www.inaturalist.org/observations/385712142
386532321,Columba livia domestica,2026-07-30,45.4734996196,9.176633656,5,research,False,,False,bbossen,cc-by-nc,https://www.inaturalist.org/observations/386532321
387465242,Columba livia domestica,2025-10-24,45.4763666667,9.2007533333,14,research,False,,False,merowig,,https://www.inaturalist.org/observations/387465242
387465623,Columba livia domestica,2025-10-24,45.4643666667,9.1896133333,36,research,False,,False,merowig,,https://www.inaturalist.org/observations/387465623
388024124,Columba livia domestica,2026-08-03,45.4728366667,9.17665,4,research,False,,False,tarokhnstuff,cc-by-nc,https://www.inaturalist.org/observations/388024124
388024207,Columba livia domestica,2026-08-03,45.47282,9.1766216667,6,research,False,,False,tarokhnstuff,cc-by-nc,https://www.inaturalist.org/observations/388024207
388024791,Columba livia domestica,2026-08-03,45.4704783333,9.1807716667,14,research,False,,False,tarokhnstuff,cc-by-nc,https://www.inaturalist.org/observations/388024791
388024822,Columba livia domestica,2026-08-03,45.47013,9.179945,45,research,False,,False,tarokhnstuff,cc-by-nc,https://www.inaturalist.org/observations/388024822
388024850,Columba livia domestica,2026-08-03,45.4693416667,9.18135,8,research,False,,False,tarokhnstuff,cc-by-nc,https://www.inaturalist.org/observations/388024850
388024872,Columba livia domestica,2026-08-03,45.468425,9.182095,24,research,False,,False,tarokhnstuff,cc-by-nc,https://www.inaturalist.org/observations/388024872
388024918,Columba livia domestica,2026-08-03,45.4645533333,9.190895,31,research,False,,False,tarokhnstuff,cc-by-nc,https://www.inaturalist.org/observations/388024918
388417694,Columba livia domestica,2026-08-04,45.469605,9.1783533333,28,research,False,,False,tarokhnstuff,cc-by-nc,https://www.inaturalist.org/observations/388417694
388427380,Columba livia domestica,2026-08-04,45.4683833333,9.1767833333,4,research,False,,False,tarokhnstuff,cc-by-nc,https://www.inaturalist.org/observations/388427380
388427401,Columba livia domestica,2026-08-04,45.4701116667,9.177675,24,research,False,,False,tarokhnstuff,cc-by-nc,https://www.inaturalist.org/observations/388427401
388492590,Columba livia domestica,2026-08-04,45.5004616667,9.1378333333,15,research,False,,False,tarokhnstuff,cc-by-nc,https://www.inaturalist.org/observations/388492590
389818326,Columba livia domestica,2026-07-30,45.4888557144,9.1844660416,2120,research,False,,False,filippo61674,cc-by-nc,https://www.inaturalist.org/observations/389818326
390496963,Columba livia domestica,2026-08-11,45.4668675,9.1901499,,research,False,,False,ale98_,,https://www.inaturalist.org/observations/390496963
390497024,Columba livia domestica,2026-08-11,45.4670077,9.1906532,,research,False,,False,ale98_,,https://www.inaturalist.org/observations/390497024
391804323,Columba livia domestica,2026-08-16,45.46995561,9.15492284,13,research,False,,False,nicolagilio,cc-by-nc-nd,https://www.inaturalist.org/observations/391804323
392062859,Columba livia domestica,2026-08-17,45.4573866667,9.1807916667,14,research,False,,False,eetu_lipponen,cc-by-nc,https://www.inaturalist.org/observations/392062859
394034905,Columba livia domestica,2024-12-28,45.4641066667,9.1894116667,,research,False,,False,cloudyskies505,cc-by-nc,https://www.inaturalist.org/observations/394034905
394035371,Columba livia domestica,2024-12-28,45.4701366667,9.1791233333,,research,False,,False,cloudyskies505,cc-by-nc,https://www.inaturalist.org/observations/394035371
394041244,Columba livia domestica,2024-12-28,45.4701366667,9.1791,,research,False,,False,cloudyskies505,cc-by-nc,https://www.inaturalist.org/observations/394041244
394214400,Columba livia domestica,2026-08-24,45.4710981132,9.1785028204,22,research,False,,False,liva_erkul,cc-by,https://www.inaturalist.org/observations/394214400
394216825,Columba livia domestica,2026-08-24,45.4710833007,9.1784900799,14,research,False,,False,liva_erkul,cc-by,https://www.inaturalist.org/observations/394216825
395437860,Columba livia domestica,2026-08-29,45.489730835,9.2437648773,4,research,False,,False,pinco97,cc-by-nc,https://www.inaturalist.org/observations/395437860
395437882,Columba livia domestica,2026-08-29,45.4896850586,9.2436246872,3,research,False,,False,pinco97,cc-by-nc,https://www.inaturalist.org/observations/395437882
396749717,Columba livia domestica,2026-08-28,45.4720981,9.1772243,570,research,False,,False,rickster731,cc-by-nc,https://www.inaturalist.org/observations/396749717
396749741,Columba livia domestica,2026-08-29,45.4733677704,9.1775073266,784,research,False,,False,rickster731,cc-by-nc,https://www.inaturalist.org/observations/396749741
397771407,Columba livia domestica,2026-09-06,45.4863166808,9.2038726806,,research,False,,False,olhabess,cc-by-nc,https://www.inaturalist.org/observations/397771407
398082465,Columba livia domestica,2026-09-07,45.47567,9.2333033333,13,research,False,,False,er_chiocciola,cc-by-nc,https://www.inaturalist.org/observations/398082465
400524925,Columba livia domestica,2026-09-15,45.4597218477,9.2293972879,2,research,False,,False,occhiocotto,,https://www.inaturalist.org/observations/400524925
402126773,Columba livia domestica,2026-08-20,45.4664338997,9.1912213997,,research,False,,False,niccolouccellino,cc-by-nc,https://www.inaturalist.org/observations/402126773
402175034,Columba livia domestica,2026-09-21,45.4610333333,9.1943133333,14,research,False,,False,sven_c,cc-by-nc,https://www.inaturalist.org/observations/402175034
402224192,Columba livia domestica,2026-09-21,45.533675,9.1750383333,46,research,False,,False,mrgls,cc-by-nc,https://www.inaturalist.org/observations/402224192
