scientific_name,species,trees,equation_code,equation_species,method
Acer,maple,2,ACRU,red maple,agreed genus proxy
Acer campestre,hedge maple,3,ACRU,red maple,agreed genus proxy
Acer ginnala,Amur maple,5,ACRU,red maple,agreed genus proxy
Acer griseum,paperbark maple,3,ACRU,red maple,agreed genus proxy
Acer nigrum,black maple,8,ACSA2,sugar maple,agreed genus proxy
Acer palmatum,Japanese maple,2,ACRU,red maple,agreed genus proxy
Acer platanoides,Norway maple,75,ACPL,Norway maple,exact species
Acer platanoides 'Crimson King',crimson king maple,1,ACPL,Norway maple,agreed genus proxy
Acer pseudoplatanus,sycamore maple,3,ACRU,red maple,agreed genus proxy
Acer rubrum,red maple,85,ACRU,red maple,exact species
Acer saccharinum,silver maple,10,ACSA1,silver maple,exact species
Acer saccharum,sugar maple,16,ACSA2,sugar maple,exact species
Acer tataricum,tartar maple,5,ACRU,red maple,agreed genus proxy
Aesculus hippocastanum,horse chestnut,1,AEHI,horsechestnut,exact species
Ailanthus altissima,tree of heaven,6,GLTR,honeylocust,honeylocust fallback
Albizia julibrissin,mimosa,1,GLTR,honeylocust,honeylocust fallback
Amelanchier,serviceberry,12,GLTR,honeylocust,honeylocust fallback
Betula nigra,river birch,3,GLTR,honeylocust,honeylocust fallback
Betula papyrifera,paper birch,14,GLTR,honeylocust,honeylocust fallback
Betula pendula,silver birch,2,GLTR,honeylocust,honeylocust fallback
Carpinus betulus,European hornbeam,16,GLTR,honeylocust,honeylocust fallback
Carpinus caroliniana,American hornbeam,13,GLTR,honeylocust,honeylocust fallback
Carpinus japonica,Japanese hornbeam,18,GLTR,honeylocust,honeylocust fallback
Catalpa,catalpa,8,GLTR,honeylocust,honeylocust fallback
Cedrus deodara,Himalayan cedar,1,GLTR,honeylocust,honeylocust fallback
Celtis occidentalis,common hackberry,27,GLTR,honeylocust,honeylocust fallback
Cercidiphyllum japonicum,katsura tree,6,GLTR,honeylocust,honeylocust fallback
Cercis canadensis,eastern redbud,7,GLTR,honeylocust,honeylocust fallback
Chionanthus retusus,Chinese fringetree,2,GLTR,honeylocust,honeylocust fallback
Cornus alternifolia,pagoda dogwood,2,GLTR,honeylocust,honeylocust fallback
Cornus florida,flowering dogwood,5,GLTR,honeylocust,honeylocust fallback
Cornus kousa,kousa dogwood,1,GLTR,honeylocust,honeylocust fallback
Cornus mas,Cornelian cherry,6,GLTR,honeylocust,honeylocust fallback
Corylus colurna,Turkish hazelnut,3,GLTR,honeylocust,honeylocust fallback
Crataegus,hawthorn,24,GLTR,honeylocust,honeylocust fallback
Eucommia ulmoides,hardy rubber tree,16,GLTR,honeylocust,honeylocust fallback
Fagus grandifolia,American beech,5,GLTR,honeylocust,honeylocust fallback
Fagus sylvatica,European beech,1,GLTR,honeylocust,honeylocust fallback
Fraxinus,ash,16,FRPE,green ash,agreed genus proxy
Fraxinus americana,white ash,9,FRPE,green ash,agreed genus proxy
Fraxinus pennsylvanica,green ash,169,FRPE,green ash,exact species
Ginkgo biloba,ginkgo,1004,GIBI,ginkgo,exact species
Gleditsia triacanthos var. inermis,honeylocust,2176,GLTR,honeylocust,same species / genus label
Gymnocladus dioicus,Kentucky coffeetree,83,GLTR,honeylocust,honeylocust fallback
Halesia diptera,two-winged silverbell,5,GLTR,honeylocust,honeylocust fallback
Juglans nigra,black walnut,3,GLTR,honeylocust,honeylocust fallback
Juniperus virginiana,eastern redcedar,14,GLTR,honeylocust,honeylocust fallback
Koelreuteria paniculata,golden raintree,85,GLTR,honeylocust,honeylocust fallback
Lagerstroemia,crepe myrtle,2,GLTR,honeylocust,honeylocust fallback
Larix laricina,American larch,4,GLTR,honeylocust,honeylocust fallback
Liquidambar styraciflua,sweetgum,77,LIST,sweetgum,exact species
Liriodendron tulipifera,tulip-poplar,15,GLTR,honeylocust,honeylocust fallback
Maackia amurensis,Amur maackia,23,GLTR,honeylocust,honeylocust fallback
Magnolia,magnolia,40,GLTR,honeylocust,honeylocust fallback
Magnolia acuminata,cucumber magnolia,3,GLTR,honeylocust,honeylocust fallback
Magnolia grandiflora,southern magnolia,4,GLTR,honeylocust,honeylocust fallback
Malus,crab apple,81,MA2,apple,same species / genus label
Metasequoia glyptostroboides,dawn redwood,52,GLTR,honeylocust,honeylocust fallback
Morus,mulberry,12,GLTR,honeylocust,honeylocust fallback
Nyssa sylvatica,blackgum,1,GLTR,honeylocust,honeylocust fallback
Ostrya virginiana,American hophornbeam,27,GLTR,honeylocust,honeylocust fallback
Paulownia tomentosa,empress tree,1,GLTR,honeylocust,honeylocust fallback
Phellodendron amurense,Amur cork tree,3,GLTR,honeylocust,honeylocust fallback
Picea pungens,blue spruce,1,GLTR,honeylocust,honeylocust fallback
Pinus nigra,black pine,2,PIST,eastern white pine,agreed genus proxy
Pinus rigida,pitch pine,2,PIST,eastern white pine,agreed genus proxy
Platanus x acerifolia,London planetree,1061,PLAC,London planetree,exact species
Populus deltoides,eastern cottonwood,4,GLTR,honeylocust,honeylocust fallback
Populus tremuloides,quaking aspen,1,GLTR,honeylocust,honeylocust fallback
Prunus,cherry,126,PRSE2,Kwanzan cherry,agreed genus proxy
Prunus cerasifera,purple-leaf plum,41,PRSE2,Kwanzan cherry,agreed genus proxy
Prunus serotina,black cherry,13,PRSE2,Kwanzan cherry,agreed genus proxy
Prunus virginiana,'Schubert' chokecherry,35,PRSE2,Kwanzan cherry,agreed genus proxy
Pseudotsuga menziesii,Douglas-fir,1,GLTR,honeylocust,honeylocust fallback
Pyrus calleryana,Callery pear,1309,PYCA,Callery pear,exact species
Quercus acutissima,sawtooth oak,85,QURU,northern red oak,agreed genus proxy
Quercus alba,white oak,63,QUPA,pin oak,agreed genus proxy
Quercus bicolor,swamp white oak,115,QUPA,pin oak,agreed genus proxy
Quercus coccinea,scarlet oak,30,QURU,northern red oak,agreed genus proxy
Quercus falcata,southern red oak,1,QURU,northern red oak,agreed genus proxy
Quercus imbricaria,shingle oak,40,QUPH,willow oak,agreed genus proxy
Quercus macrocarpa,bur oak,15,QUPA,pin oak,agreed genus proxy
Quercus palustris,pin oak,949,QUPA,pin oak,exact species
Quercus phellos,willow oak,132,QUPH,willow oak,exact species
Quercus robur,English oak,34,QUPA,pin oak,agreed genus proxy
Quercus rubra,northern red oak,273,QURU,northern red oak,exact species
Quercus shumardii,Schumard's oak,26,QURU,northern red oak,agreed genus proxy
Quercus velutina,black oak,38,QURU,northern red oak,agreed genus proxy
Robinia pseudoacacia,black locust,70,GLTR,honeylocust,honeylocust fallback
Salix babylonica,weeping willow,3,GLTR,honeylocust,honeylocust fallback
Styphnolobium japonicum,Sophora,826,GLTR,honeylocust,honeylocust fallback
Styrax japonicus,Japanese snowbell,7,GLTR,honeylocust,honeylocust fallback
Syringa reticulata,Japanese tree lilac,37,GLTR,honeylocust,honeylocust fallback
Taxodium ascendens,pond cypress,4,GLTR,honeylocust,honeylocust fallback
Taxodium distichum,bald cypress,29,GLTR,honeylocust,honeylocust fallback
Tilia americana,American linden,330,TICO,littleleaf linden,agreed genus proxy
Tilia cordata,littleleaf linden,538,TICO,littleleaf linden,exact species
Tilia tomentosa,silver linden,113,TITO,silver linden,exact species
Ulmus americana,American elm,424,ULAM,American elm,exact species
Ulmus parvifolia,Chinese elm,161,ULAM,American elm,agreed genus proxy
Ulmus pumila,Siberian elm,32,ULAM,American elm,agreed genus proxy
Zelkova serrata,Japanese zelkova,796,ZESE,Japanese zelkova,exact species
