tree_id,address,status,latitude,longitude
214263,912 AMSTERDAM AVENUE,Alive,40.79969258,-73.96638029
171440,110 MANHATTAN AVENUE,Alive,40.7977351,-73.96204185
214261,908 AMSTERDAM AVENUE,Alive,40.7995765,-73.96646382
214262,912 AMSTERDAM AVENUE,Alive,40.79965019,-73.96641079
171495,2 WEST 105 STREET,Alive,40.7974494,-73.96086738
171439,104 MANHATTAN AVENUE,Alive,40.79764433,-73.96210798
216796,319 EAST 105 STREET,Alive,40.78942929,-73.94184322
216803,302 EAST 105 STREET,Alive,40.78974299,-73.94258516
216797,314 EAST 105 STREET,Alive,40.78947279,-73.9419461
216800,310 EAST 105 STREET,Alive,40.78959154,-73.94222697
216801,308 EAST 105 STREET,Alive,40.7896221,-73.94229924
216802,306 EAST 105 STREET,Alive,40.78964878,-73.94236236
216799,312 EAST 105 STREET,Alive,40.78955899,-73.94214997
216754,2029 1 AVENUE,Alive,40.78882646,-73.94079622
216798,314 EAST 105 STREET,Alive,40.78951175,-73.94203825
216753,2025 1 AVENUE,Alive,40.78868505,-73.94090004
216795,320 EAST 105 STREET,Alive,40.78936738,-73.94169679
216789,352 EAST 105 STREET,Alive,40.78902939,-73.94089742
216794,334 EAST 105 STREET,Alive,40.78930533,-73.94155004
216790,346 EAST 105 STREET,Alive,40.7890857,-73.94103059
216791,344 EAST 105 STREET,Alive,40.78913561,-73.94114862
216792,340 EAST 105 STREET,Alive,40.78921647,-73.94133986
235354,915 WEST END AVENUE,Alive,40.80083607,-73.96926096
216793,334 EAST 105 STREET,Alive,40.7892677,-73.94146105
264305,302 WEST 105 STREET,Alive,40.80112053,-73.96957547
264298,325 RIVERSIDE DRIVE,Alive,40.80145625,-73.97037128
218389,258 WEST 105 STREET,Alive,40.80074046,-73.96867576
218387,258 WEST 105 STREET,Alive,40.80080405,-73.96882843
218388,258 WEST 105 STREET,Alive,40.80077713,-73.96876381
235353,915 WEST END AVENUE,Alive,40.80071574,-73.9693478
264306,300 WEST 105 STREET,Alive,40.80106591,-73.969446
264307,300 WEST 105 STREET,Alive,40.80101849,-73.96933357
264299,320 WEST 105 STREET,Alive,40.80140829,-73.97025759
264310,910 WEST END AVENUE,Alive,40.80063911,-73.96913521
264356,2735 BROADWAY,Alive,40.80033814,-73.96822645
264302,314 WEST 105 STREET,Alive,40.80126761,-73.96992411
218391,250 WEST 105 STREET,Alive,40.80066829,-73.96850251
264355,2731 BROADWAY,Alive,40.80026462,-73.96824734
218392,248 WEST 105 STREET,Alive,40.80059018,-73.96831501
264309,910 WEST END AVENUE,Alive,40.80073244,-73.96906622
218390,250 WEST 105 STREET,Alive,40.80071288,-73.96860957
264280,323 RIVERSIDE DRIVE,Alive,40.80135849,-73.97065806
264281,325 RIVERSIDE DRIVE,Alive,40.80142153,-73.97061105
264303,308 WEST 105 STREET,Alive,40.80121246,-73.96979337
264301,316 WEST 105 STREET,Alive,40.80130491,-73.97001253
264304,306 WEST 105 STREET,Alive,40.80117249,-73.96969863
309512,2340 5 AVENUE,Alive,40.81677013,-73.93482133
309511,2340 5 AVENUE,Alive,40.81670609,-73.93486746
309824,2 WEST 141 STREET,Alive,40.81677288,-73.93530898
309822,2 WEST 141 STREET,Alive,40.81670004,-73.93513576
309823,2 WEST 141 STREET,Alive,40.81673274,-73.93521352
309821,2 WEST 141 STREET,Alive,40.81666442,-73.93505104
264308,300 WEST 105 STREET,Alive,40.80097852,-73.96923884
309844,22 WEST 141 STREET,Alive,40.81732254,-73.93617674
309826,9 WEST 141 STREET,Alive,40.81685608,-73.93550685
309828,9 WEST 141 STREET,Alive,40.81692293,-73.93566585
309827,9 WEST 141 STREET,Alive,40.81688997,-73.93558746
264300,320 WEST 105 STREET,Alive,40.80135687,-73.97013569
309825,9 WEST 141 STREET,Alive,40.81682259,-73.9354272
309843,22 WEST 141 STREET,Alive,40.81726188,-73.93622047
343705,103 WEST 141 STREET,Alive,40.81817821,-73.93866477
343707,108 WEST 141 STREET,Alive,40.81825064,-73.93883457
343713,127 WEST 141 STREET,Alive,40.8187414,-73.93998503
343706,103 WEST 141 STREET,Alive,40.81821153,-73.9387429
343714,127 WEST 141 STREET,Alive,40.81876962,-73.94005119
343710,150 WEST 141 STREET,Alive,40.81846525,-73.93933766
343704,101 WEST 141 STREET,Alive,40.81810403,-73.93849088
343708,115 WEST 141 STREET,Alive,40.8183048,-73.93896152
343717,137 WEST 141 STREET,Alive,40.81892792,-73.94042229
343709,115 WEST 141 STREET,Alive,40.81840155,-73.93918834
343718,173 WEST 141 STREET,Alive,40.81897616,-73.94053539
343715,137 WEST 141 STREET,Alive,40.81880053,-73.94012364
343716,137 WEST 141 STREET,Alive,40.81883412,-73.9402024
343711,117 WEST 141 STREET,Alive,40.8185956,-73.93964323
343712,127 WEST 141 STREET,Alive,40.81866023,-73.93979476
398470,409 WEST 141 STREET,Alive,40.82146105,-73.94610869
409255,611 WEST 141 STREET,Dead,40.82428247,-73.95313392
264357,2737 BROADWAY,Alive,40.80041862,-73.96820358
409291,640 RIVERSIDE DRIVE,Alive,40.82480862,-73.954205
409292,640 RIVERSIDE DRIVE,Dead,40.82485852,-73.95414512
409259,623 WEST 141 STREET,Dead,40.82462554,-73.9539457
409254,605 WEST 141 STREET,Alive,40.8242419,-73.95303793
409256,617 WEST 141 STREET,Alive,40.82444313,-73.95351407
409258,623 WEST 141 STREET,Alive,40.82457737,-73.95383172
409257,622 WEST 141 STREET,Alive,40.82454,-73.95374331
409260,640 RIVERSIDE DRIVE,Alive,40.82467451,-73.95406158
398046,201 WEST 141 STREET,Alive,40.8193144,-73.94098004
452953,621 LENOX AVENUE,Alive,40.81807275,-73.93813425
452952,625 LENOX AVENUE,Alive,40.81813293,-73.93808938
410899,3465 BROADWAY,Alive,40.82413126,-73.9523422
409252,605 WEST 141 STREET,Alive,40.82415504,-73.95283238
409251,601 WEST 141 STREET,Alive,40.82411033,-73.95272661
409253,605 WEST 141 STREET,Alive,40.82418332,-73.95289932
409250,601 WEST 141 STREET,Alive,40.82405776,-73.9526022
65522,471 WEST 141 STREET,Alive,40.82256332,-73.94904695
74099,212 EAST 105 STREET,Dead,40.79053113,-73.94445893
64233,555 WEST 141 STREET,Alive,40.82360729,-73.95152682
64234,551 WEST 141 STREET,Alive,40.82357268,-73.95144467
74106,250 EAST 105 STREET,Stump,40.79018097,-73.94362755
64403,1 HAMILTON TERRACE,Alive,40.82190616,-73.94718665
64564,1640 AMSTERDAM AVENUE,Alive,40.82288227,-73.9494484
64508,94 HAMILTON PLACE,Alive,40.82325838,-73.95036072
65524,463 WEST 141 STREET,Alive,40.82246305,-73.94881029
64507,90 HAMILTON PLACE,Alive,40.82330025,-73.95028916
64509,94 HAMILTON PLACE,Alive,40.82321652,-73.95043229
64231,559 WEST 141 STREET,Alive,40.82367252,-73.95168165
64232,557 WEST 141 STREET,Alive,40.82363924,-73.95160265
65520,477 WEST 141 STREET,Alive,40.82263846,-73.94922429
64457,435 WEST 141 STREET,Alive,40.82184989,-73.94735641
64459,435 WEST 141 STREET,Alive,40.82193429,-73.94755921
64458,435 WEST 141 STREET,Alive,40.82189736,-73.94747049
65931,280 CONVENT AVENUE,Alive,40.82219357,-73.94793789
64165,91 HAMILTON PLACE,Alive,40.82320704,-73.95023524
64236,541 WEST 141 STREET,Alive,40.82345685,-73.95116978
74095,1897 3 AVENUE,Alive,40.79073601,-73.94494538
74104,230 EAST 105 STREET,Dead,40.7902576,-73.94380949
64237,531 WEST 141 STREET,Alive,40.82336899,-73.95096124
74102,230 EAST 105 STREET,Alive,40.79036536,-73.94406535
72240,624 ST NICHOLAS AVENUE,Alive,40.82143693,-73.94586962
74101,222 EAST 105 STREET,Alive,40.79041592,-73.94418538
74103,230 EAST 105 STREET,Alive,40.79032093,-73.94395985
74100,218 EAST 105 STREET,Alive,40.79049415,-73.94437112
74105,250 EAST 105 STREET,Stump,40.79020891,-73.94369388
72389,309 WEST 141 STREET,Alive,40.82062562,-73.94444555
64235,543 WEST 141 STREET,Alive,40.82349546,-73.95126141
72388,301 WEST 141 STREET,Alive,40.82049166,-73.94412855
72387,301 WEST 141 STREET,Alive,40.82042682,-73.9439751
74096,1897 3 AVENUE,Alive,40.79070382,-73.94486894
74098,212 EAST 105 STREET,Alive,40.79060377,-73.9446314
74097,207 EAST 105 STREET,Alive,40.79067056,-73.94478997
64238,515 WEST 141 STREET,Alive,40.82322121,-73.95061052
66065,423 WEST 141 STREET,Alive,40.82172889,-73.94706693
65463,503 WEST 141 STREET,Alive,40.82305993,-73.95021719
65465,501 WEST 141 STREET,Alive,40.82288183,-73.94979772
65505,1643 AMSTERDAM AVENUE,Alive,40.82280867,-73.94923709
72241,353 WEST 141 STREET,Alive,40.8213223,-73.94592302
65467,1640 AMSTERDAM AVENUE,Alive,40.82280148,-73.94960848
72390,317 WEST 141 STREET,Alive,40.82075717,-73.94475687
65526,459 WEST 141 STREET,Alive,40.82240422,-73.94867145
65466,501 WEST 141 STREET,Alive,40.82284166,-73.9497031
65530,451 WEST 141 STREET,Alive,40.8222478,-73.94830226
64460,435 WEST 141 STREET,Alive,40.82199574,-73.94770687
72478,130 EDGECOMBE AVENUE,Alive,40.82098517,-73.9449327
65932,284 CONVENT AVENUE,Alive,40.8222753,-73.94787859
74109,256 EAST 105 STREET,Alive,40.79006655,-73.9433559
65527,455 WEST 141 STREET,Alive,40.82236411,-73.94857679
74107,250 EAST 105 STREET,Alive,40.79014265,-73.94353658
66069,409 WEST 141 STREET,Dead,40.82148952,-73.94650629
74108,254 EAST 105 STREET,Alive,40.79011924,-73.94348099
65521,475 WEST 141 STREET,Alive,40.82260103,-73.94913593
65528,453 WEST 141 STREET,Alive,40.82231331,-73.94845688
65523,465 WEST 141 STREET,Alive,40.82248979,-73.9488734
66068,413 WEST 141 STREET,Alive,40.82155004,-73.94664802
74110,258 EAST 105 STREET,Alive,40.79000322,-73.94320555
74140,168 EAST 105 STREET,Alive,40.79115665,-73.94594017
74141,164 EAST 105 STREET,Alive,40.79122058,-73.94609174
72030,14 EAST 105 STREET,Alive,40.79330927,-73.951039
74223,1661 LEXINGTON AVENUE,Alive,40.79121417,-73.94693315
74142,148 EAST 105 STREET,Alive,40.79141451,-73.9465515
72036,48 EAST 105 STREET,Alive,40.79296435,-73.95023891
72032,18 EAST 105 STREET,Alive,40.79313891,-73.95064383
65464,501 WEST 141 STREET,Alive,40.82291664,-73.94987972
74222,1665 LEXINGTON AVENUE,Alive,40.79128901,-73.94687838
72033,22 EAST 105 STREET,Alive,40.79309815,-73.95054927
72031,18 EAST 105 STREET,Alive,40.79317426,-73.95072582
72028,1230 5 AVENUE,Alive,40.79343345,-73.95132707
72035,26 EAST 105 STREET,Alive,40.79301473,-73.95035577
65525,461 WEST 141 STREET,Alive,40.82243631,-73.94874718
63960,284 CONVENT AVENUE,Alive,40.8223143,-73.9479947
72027,1230 5 AVENUE,Alive,40.79348491,-73.95144644
72029,1230 5 AVENUE,Alive,40.79336371,-73.95116529
68903,2645 FREDERICK DOUGLASS BOULEVARD,Alive,40.82049527,-73.94375446
68902,2643 FREDERICK DOUGLASS BOULEVARD,Alive,40.82044953,-73.94378743
72477,128 EDGECOMBE AVENUE,Alive,40.82094929,-73.94496605
65529,451 WEST 141 STREET,Alive,40.82227988,-73.94837799
52507,131 EDGECOMBE AVENUE,Alive,40.82108761,-73.94512342
65531,280 CONVENT AVENUE,Alive,40.82220234,-73.94819498
52506,345 WEST 141 STREET,Alive,40.8210219,-73.94515408
66067,417 WEST 141 STREET,Alive,40.82162131,-73.94681495
71635,1230 5 AVENUE,Alive,40.79329679,-73.95172601
74138,176 EAST 105 STREET,Alive,40.79094328,-73.94543431
72034,26 EAST 105 STREET,Alive,40.79306199,-73.9504654
66066,421 WEST 141 STREET,Alive,40.82167644,-73.94694409
71636,1230 5 AVENUE,Alive,40.7933833,-73.95166171
72391,323 WEST 141 STREET,Alive,40.82081695,-73.94489832
106976,2728 BROADWAY,Alive,40.80009695,-73.9678954
106974,2734 BROADWAY,Alive,40.80024487,-73.96784904
106884,212 WEST 105 STREET,Alive,40.7999709,-73.96684242
106888,230 WEST 105 STREET,Alive,40.80020108,-73.96739142
106889,230 WEST 105 STREET,Alive,40.80026605,-73.96754638
106885,214 WEST 105 STREET,Alive,40.80002871,-73.9669803
106880,202 WEST 105 STREET,Alive,40.79981471,-73.96646988
106882,210 WEST 105 STREET,Alive,40.79991588,-73.96671118
106890,230 WEST 105 STREET,Alive,40.80029668,-73.96761944
106883,210 WEST 105 STREET,Alive,40.79994279,-73.96677537
106886,214 WEST 105 STREET,Alive,40.80006371,-73.96706379
106881,204 WEST 105 STREET,Alive,40.79984016,-73.9665306
115957,2417 ADAM C POWELL BOULEVARD,Alive,40.81920664,-73.94085229
115956,2419 ADAM C POWELL BOULEVARD,Alive,40.8192799,-73.94079747
72171,1673 LEXINGTON AVENUE,Alive,40.79158078,-73.94694742
72170,126 EAST 105 STREET,Alive,40.79161721,-73.94703398
106975,2732 BROADWAY,Alive,40.80016798,-73.96787314
128448,100 WEST 105 STREET,Alive,40.79866405,-73.96375373
128446,100 WEST 105 STREET,Alive,40.79860388,-73.96361097
100859,910 COLUMBUS AVENUE,Alive,40.79831174,-73.96366732
128447,100 WEST 105 STREET,Alive,40.79863051,-73.96367414
128449,106 WEST 105 STREET,Alive,40.79873327,-73.96391798
100860,914 COLUMBUS AVENUE,Alive,40.79844485,-73.96357211
114152,3465 BROADWAY,Alive,40.82409037,-73.95218613
142548,2728 BROADWAY,Alive,40.80014192,-73.96804179
142547,2731 BROADWAY,Alive,40.80020133,-73.96805862
106887,229 WEST 105 STREET,Alive,40.80017244,-73.96732311
114151,3465 BROADWAY,Alive,40.82403979,-73.95222252
128461,149 WEST 105 STREET,Alive,40.79934226,-73.96536306
128460,150 WEST 105 STREET,Alive,40.79930858,-73.96528314
142543,2735 BROADWAY,Alive,40.80030365,-73.96802688
114175,3458 BROADWAY,Alive,40.82402031,-73.95216707
128459,150 WEST 105 STREET,Alive,40.79925135,-73.96514732
142546,2734 BROADWAY,Alive,40.80022794,-73.96801511
100934,911 COLUMBUS AVENUE,Alive,40.7982904,-73.963418
128456,140 WEST 105 STREET,Alive,40.79906832,-73.96471301
128457,145 WEST 105 STREET,Alive,40.7991607,-73.96493221
128462,157 WEST 105 STREET,Alive,40.79938246,-73.96545845
128464,161 WEST 105 STREET,Alive,40.79947936,-73.9656884
128463,157 WEST 105 STREET,Alive,40.79942266,-73.96555384
142545,2731 BROADWAY,Alive,40.80025824,-73.96804097
128451,120 WEST 105 STREET,Alive,40.79881966,-73.96412297
128458,150 WEST 105 STREET,Alive,40.79920209,-73.96503045
128452,121 WEST 105 STREET,Dead,40.79894399,-73.96441799
128453,140 WEST 105 STREET,Alive,40.79898632,-73.96451843
74139,176 EAST 105 STREET,Alive,40.79098777,-73.94553977
128450,106 WEST 105 STREET,Alive,40.7987772,-73.96402221
100933,915 COLUMBUS AVENUE,Alive,40.79834876,-73.96337627
100935,909 COLUMBUS AVENUE,Alive,40.79823879,-73.9634549
128454,140 WEST 105 STREET,Alive,40.79903198,-73.96462677
140349,121 MANHATTAN AVENUE,Alive,40.79790864,-73.96211202
140640,121 MANHATTAN AVENUE,Alive,40.79800797,-73.96219021
140642,52 WEST 105 STREET,Alive,40.79810416,-73.96241738
140348,119 MANHATTAN AVENUE,Alive,40.79786091,-73.96214622
140645,70 WEST 105 STREET,Alive,40.79824884,-73.96275907
140646,72 WEST 105 STREET,Alive,40.79828371,-73.96284142
140649,74 WEST 105 STREET,Alive,40.79837299,-73.96305227
140643,56 WEST 105 STREET,Alive,40.79814865,-73.96252244
128455,140 WEST 105 STREET,Alive,40.79905048,-73.96467068
140644,56 WEST 105 STREET,Alive,40.7981771,-73.96258964
140648,74 WEST 105 STREET,Alive,40.7983298,-73.96295027
140641,52 WEST 105 STREET,Alive,40.79808372,-73.9623691
142544,2734 BROADWAY,Alive,40.80027363,-73.96800094
140647,74 WEST 105 STREET,Alive,40.79830602,-73.96289411
114176,3458 BROADWAY,Alive,40.8240706,-73.95213
140346,113 MANHATTAN AVENUE,Alive,40.79771581,-73.96225021
140347,117 MANHATTAN AVENUE,Alive,40.7978074,-73.96218457
140650,82 WEST 105 STREET,Alive,40.79842309,-73.96317059
171188,909 AMSTERDAM AVENUE,Alive,40.79960531,-73.96618008
171185,907 AMSTERDAM AVENUE,Alive,40.79943155,-73.96630546
171493,4 WEST 105 STREET,Alive,40.79752872,-73.96105647
171491,8 WEST 105 STREET,Alive,40.79760671,-73.96124239
171492,4 WEST 105 STREET,Alive,40.79756878,-73.96115196
68904,2647 FREDERICK DOUGLASS BOULEVARD,Alive,40.8205362,-73.94372495
171487,112 MANHATTAN AVENUE,Alive,40.79787704,-73.96188681
171490,32 WEST 105 STREET,Alive,40.79770566,-73.96147828
171187,909 AMSTERDAM AVENUE,Alive,40.79953985,-73.96622731
171489,44 WEST 105 STREET,Alive,40.79776456,-73.96161867
171488,48 WEST 105 STREET,Alive,40.79781125,-73.96172997
171186,909 AMSTERDAM AVENUE,Alive,40.79948113,-73.96626969
171496,2 WEST 105 STREET,Alive,40.79741889,-73.96079465
171494,4 WEST 105 STREET,Alive,40.79747858,-73.96093694
